,egg_uid,exp_label,start_date,well_#,control,system,wl_nm,regime,power_mW,irradiance_mW_cm2,exposure_s,fluence_J_cm2,t_start_h,t_2c_h,t_4c_h,t_bean_h,t_move_h,outcome,flags
,1,400-SHG-40mW-120s,2024-02-29,1,0,laser,400,SHG,40,0.013,120,1.528,19.3,NA,NA,NA,NA,leak,no_cyto_motion
,2,400-SHG-40mW-120s,2024-02-29,2,0,laser,400,SHG,40,0.013,120,1.528,19.3,NA,NA,NA,NA,leak,no_cyto_motion
,3,400-SHG-40mW-120s,2024-02-29,3,0,laser,400,SHG,40,0.013,120,1.528,19.3,NA,NA,NA,NA,leak,no_cyto_motion
,4,400-SHG-40mW-120s,2024-02-29,3,0,laser,400,SHG,40,0.013,120,1.528,19.3,NA,NA,NA,NA,leak,no_cyto_motion
,5,400-SHG-40mW-120s,2024-02-29,4,0,laser,400,SHG,40,0.013,120,1.528,19.3,NA,NA,NA,NA,leak,no_cyto_motion
,6,400-SHG-40mW-120s,2024-02-29,4,0,laser,400,SHG,40,0.013,120,1.528,19.3,NA,NA,NA,NA,leak,no_cyto_motion
,7,400-SHG-40mW-120s,2024-02-29,5,0,laser,400,SHG,40,0.013,120,1.528,19.3,NA,NA,NA,NA,leak,no_cyto_motion
,8,400-SHG-40mW-120s,2024-02-29,6,0,laser,400,SHG,40,0.013,120,1.528,19.3,NA,NA,NA,NA,leak,no_cyto_motion
,9,400-SHG-40mW-120s,2024-02-29,6,0,laser,400,SHG,40,0.013,120,1.528,19.3,NA,NA,NA,NA,leak,no_cyto_motion
,10,400-SHG-40mW-120s,2024-02-29,7,0,laser,400,SHG,40,0.013,120,1.528,19.3,NA,NA,NA,NA,leak,no_cyto_motion
,11,400-SHG-40mW-120s,2024-02-29,7,0,laser,400,SHG,40,0.013,120,1.528,19.3,NA,NA,NA,NA,leak,no_cyto_motion
,12,400-SHG-40mW-120s,2024-02-29,8,0,laser,400,SHG,40,0.013,120,1.528,19.3,NA,NA,NA,NA,leak,no_cyto_motion
,13,400-SHG-40mW-120s,2024-02-29,8,0,laser,400,SHG,40,0.013,120,1.528,19.3,NA,NA,NA,NA,leak,no_cyto_motion
,14,400-SHG-40mW-120s,2024-02-29,9,0,laser,400,SHG,40,0.013,120,1.528,19.3,NA,NA,NA,NA,leak,no_cyto_motion
,15,400-SHG-40mW-120s,2024-02-29,10,0,laser,400,SHG,40,0.013,120,1.528,19.3,NA,NA,NA,NA,leak,no_cyto_motion
,16,400-SHG-40mW-120s,2024-02-29,10,0,laser,400,SHG,40,0.013,120,1.528,19.3,NA,NA,NA,NA,leak,no_cyto_motion
,17,400-SHG-40mW-120s,2024-02-29,11,0,laser,400,SHG,40,0.013,120,1.528,19.3,NA,NA,NA,NA,leak,no_cyto_motion
,18,400-SHG-40mW-120s,2024-02-29,11,0,laser,400,SHG,40,0.013,120,1.528,19.3,NA,NA,NA,NA,leak,no_cyto_motion
,19,400-SHG-40mW-120s,2024-02-29,12,0,laser,400,SHG,40,0.013,120,1.528,19.3,NA,NA,NA,NA,leak,no_cyto_motion
,20,400-SHG-40mW-120s,2024-02-29,12,0,laser,400,SHG,40,0.013,120,1.528,19.3,NA,NA,NA,NA,leak,no_cyto_motion
,21,400-SHG-40mW-60s,2024-03-04,1,0,laser,400,SHG,40,0.013,60,0.764,5.3,NA,NA,NA,NA,leak,no_cyto_motion
,22,400-SHG-40mW-60s,2024-03-04,1,0,laser,400,SHG,40,0.013,60,0.764,5.3,NA,NA,NA,NA,leak,no_cyto_motion
,23,400-SHG-40mW-60s,2024-03-04,1,0,laser,400,SHG,40,0.013,60,0.764,5.3,NA,NA,NA,NA,leak,no_cyto_motion
,24,400-SHG-40mW-60s,2024-03-04,2,0,laser,400,SHG,40,0.013,60,0.764,5.3,NA,NA,NA,NA,leak,no_cyto_motion
,25,400-SHG-40mW-60s,2024-03-04,2,0,laser,400,SHG,40,0.013,60,0.764,5.3,NA,NA,NA,NA,leak,no_cyto_motion
,26,400-SHG-40mW-60s,2024-03-04,2,0,laser,400,SHG,40,0.013,60,0.764,5.3,NA,NA,NA,NA,leak,no_cyto_motion
,27,400-SHG-40mW-60s,2024-03-04,3,0,laser,400,SHG,40,0.013,60,0.764,5.3,NA,NA,NA,NA,leak,no_cyto_motion
,28,400-SHG-40mW-60s,2024-03-04,3,0,laser,400,SHG,40,0.013,60,0.764,5.3,NA,NA,NA,NA,leak,no_cyto_motion
,29,400-SHG-40mW-60s,2024-03-04,3,0,laser,400,SHG,40,0.013,60,0.764,5.3,NA,NA,NA,NA,leak,no_cyto_motion
,30,400-SHG-40mW-60s,2024-03-04,4,0,laser,400,SHG,40,0.013,60,0.764,5.3,NA,NA,NA,NA,leak,no_cyto_motion
,31,400-SHG-40mW-60s,2024-03-04,4,0,laser,400,SHG,40,0.013,60,0.764,5.3,NA,NA,NA,NA,leak,no_cyto_motion
,32,400-SHG-40mW-60s,2024-03-04,4,0,laser,400,SHG,40,0.013,60,0.764,5.3,NA,NA,NA,NA,leak,no_cyto_motion
,33,400-SHG-40mW-60s,2024-03-04,5,0,laser,400,SHG,40,0.013,60,0.764,5.3,NA,NA,NA,NA,leak,no_cyto_motion
,34,400-SHG-40mW-60s,2024-03-04,5,0,laser,400,SHG,40,0.013,60,0.764,5.3,NA,NA,NA,NA,leak,no_cyto_motion
,35,400-SHG-40mW-60s,2024-03-04,5,0,laser,400,SHG,40,0.013,60,0.764,5.3,NA,NA,NA,NA,leak,no_cyto_motion
,36,400-SHG-40mW-60s,2024-03-04,6,0,laser,400,SHG,40,0.013,60,0.764,5.3,NA,NA,NA,NA,leak,no_cyto_motion
,37,400-SHG-40mW-60s,2024-03-04,6,0,laser,400,SHG,40,0.013,60,0.764,5.3,NA,NA,NA,NA,leak,no_cyto_motion
,38,400-SHG-40mW-60s,2024-03-04,6,0,laser,400,SHG,40,0.013,60,0.764,5.3,NA,NA,NA,NA,leak,no_cyto_motion
,39,400-SHG-40mW-60s,2024-03-04,7,0,laser,400,SHG,40,0.013,60,0.764,5.3,NA,NA,NA,NA,leak,no_cyto_motion
,40,400-SHG-40mW-60s,2024-03-04,7,0,laser,400,SHG,40,0.013,60,0.764,5.3,NA,NA,NA,NA,leak,no_cyto_motion
,41,400-SHG-40mW-60s,2024-03-04,7,0,laser,400,SHG,40,0.013,60,0.764,5.3,NA,NA,NA,NA,leak,no_cyto_motion
,42,400-SHG-40mW-60s,2024-03-04,7,0,laser,400,SHG,40,0.013,60,0.764,5.3,NA,NA,NA,NA,leak,no_cyto_motion
,43,400-SHG-40mW-60s,2024-03-04,8,0,laser,400,SHG,40,0.013,60,0.764,5.3,NA,NA,NA,NA,leak,no_cyto_motion
,44,400-SHG-40mW-60s,2024-03-04,8,0,laser,400,SHG,40,0.013,60,0.764,5.3,NA,NA,NA,NA,leak,no_cyto_motion
,45,400-SHG-40mW-60s,2024-03-04,8,0,laser,400,SHG,40,0.013,60,0.764,5.3,NA,NA,NA,NA,leak,no_cyto_motion
,46,400-SHG-40mW-60s,2024-03-04,9,0,laser,400,SHG,40,0.013,60,0.764,5.3,NA,NA,NA,NA,leak,no_cyto_motion
,47,400-SHG-40mW-60s,2024-03-04,9,0,laser,400,SHG,40,0.013,60,0.764,5.3,NA,NA,NA,NA,leak,no_cyto_motion
,48,400-SHG-40mW-60s,2024-03-04,9,0,laser,400,SHG,40,0.013,60,0.764,5.3,NA,NA,NA,NA,leak,no_cyto_motion
,49,400-SHG-40mW-60s,2024-03-04,10,0,laser,400,SHG,40,0.013,60,0.764,5.3,NA,NA,NA,NA,leak,no_cyto_motion
,50,400-SHG-40mW-60s,2024-03-04,10,0,laser,400,SHG,40,0.013,60,0.764,5.3,NA,NA,NA,NA,leak,no_cyto_motion
,51,400-SHG-40mW-60s,2024-03-04,10,0,laser,400,SHG,40,0.013,60,0.764,5.3,NA,NA,NA,NA,leak,no_cyto_motion
,52,400-SHG-40mW-60s,2024-03-04,11,0,laser,400,SHG,40,0.013,60,0.764,5.3,NA,NA,NA,NA,leak,no_cyto_motion
,53,400-SHG-40mW-60s,2024-03-04,11,0,laser,400,SHG,40,0.013,60,0.764,5.3,NA,NA,NA,NA,leak,no_cyto_motion
,54,400-SHG-40mW-60s,2024-03-04,11,0,laser,400,SHG,40,0.013,60,0.764,5.3,NA,NA,NA,NA,leak,no_cyto_motion
,55,400-SHG-40mW-60s,2024-03-04,12,0,laser,400,SHG,40,0.013,60,0.764,5.3,NA,NA,NA,NA,leak,no_cyto_motion
,56,400-SHG-40mW-60s,2024-03-04,12,0,laser,400,SHG,40,0.013,60,0.764,5.3,NA,NA,NA,NA,leak,no_cyto_motion
,57,400-SHG-40mW-60s,2024-03-04,12,0,laser,400,SHG,40,0.013,60,0.764,5.3,NA,NA,NA,NA,leak,no_cyto_motion
,58,400-SHG-40mW-30s,2024-03-04,1,0,laser,400,SHG,40,0.013,30,0.382,0.2,NA,NA,NA,NA,leak,no_cyto_motion
,59,400-SHG-40mW-30s,2024-03-04,1,0,laser,400,SHG,40,0.013,30,0.382,0.2,NA,NA,NA,NA,leak,no_cyto_motion
,60,400-SHG-40mW-30s,2024-03-04,1,0,laser,400,SHG,40,0.013,30,0.382,0.2,NA,NA,NA,NA,leak,no_cyto_motion
,61,400-SHG-40mW-30s,2024-03-04,2,0,laser,400,SHG,40,0.013,30,0.382,0.2,NA,NA,NA,NA,leak,no_cyto_motion
,62,400-SHG-40mW-30s,2024-03-04,2,0,laser,400,SHG,40,0.013,30,0.382,0.2,NA,NA,NA,NA,leak,no_cyto_motion
,63,400-SHG-40mW-30s,2024-03-04,2,0,laser,400,SHG,40,0.013,30,0.382,0.2,NA,NA,NA,NA,leak,no_cyto_motion
,64,400-SHG-40mW-30s,2024-03-04,3,0,laser,400,SHG,40,0.013,30,0.382,0.2,NA,NA,NA,NA,leak,no_cyto_motion
,65,400-SHG-40mW-30s,2024-03-04,3,0,laser,400,SHG,40,0.013,30,0.382,0.2,NA,NA,NA,NA,leak,no_cyto_motion
,66,400-SHG-40mW-30s,2024-03-04,3,0,laser,400,SHG,40,0.013,30,0.382,0.2,NA,NA,NA,NA,leak,no_cyto_motion
,67,400-SHG-40mW-30s,2024-03-04,4,0,laser,400,SHG,40,0.013,30,0.382,0.2,NA,NA,NA,NA,leak,no_cyto_motion
,68,400-SHG-40mW-30s,2024-03-04,4,0,laser,400,SHG,40,0.013,30,0.382,0.2,NA,NA,NA,NA,leak,no_cyto_motion
,69,400-SHG-40mW-30s,2024-03-04,4,0,laser,400,SHG,40,0.013,30,0.382,0.2,NA,NA,NA,NA,leak,no_cyto_motion
,70,400-SHG-40mW-30s,2024-03-04,5,0,laser,400,SHG,40,0.013,30,0.382,0.2,NA,NA,NA,NA,leak,no_cyto_motion
,71,400-SHG-40mW-30s,2024-03-04,5,0,laser,400,SHG,40,0.013,30,0.382,0.2,NA,NA,NA,NA,leak,no_cyto_motion
,72,400-SHG-40mW-30s,2024-03-04,5,0,laser,400,SHG,40,0.013,30,0.382,0.2,NA,NA,NA,NA,leak,no_cyto_motion
,73,400-SHG-40mW-30s,2024-03-04,6,0,laser,400,SHG,40,0.013,30,0.382,0.2,NA,NA,NA,NA,leak,no_cyto_motion
,74,400-SHG-40mW-30s,2024-03-04,6,0,laser,400,SHG,40,0.013,30,0.382,0.2,NA,NA,NA,NA,leak,no_cyto_motion
,75,400-SHG-40mW-30s,2024-03-04,6,0,laser,400,SHG,40,0.013,30,0.382,0.2,NA,NA,NA,NA,leak,no_cyto_motion
,76,400-SHG-40mW-30s,2024-03-04,7,0,laser,400,SHG,40,0.013,30,0.382,0.2,NA,NA,NA,NA,leak,no_cyto_motion
,77,400-SHG-40mW-30s,2024-03-04,7,0,laser,400,SHG,40,0.013,30,0.382,0.2,NA,NA,NA,NA,leak,no_cyto_motion
,78,400-SHG-40mW-30s,2024-03-04,7,0,laser,400,SHG,40,0.013,30,0.382,0.2,NA,NA,NA,NA,leak,no_cyto_motion
,79,400-SHG-40mW-30s,2024-03-04,8,0,laser,400,SHG,40,0.013,30,0.382,0.2,NA,NA,NA,NA,leak,no_cyto_motion
,80,400-SHG-40mW-30s,2024-03-04,8,0,laser,400,SHG,40,0.013,30,0.382,0.2,NA,NA,NA,NA,leak,no_cyto_motion
,81,400-SHG-40mW-30s,2024-03-04,8,0,laser,400,SHG,40,0.013,30,0.382,0.2,NA,NA,NA,NA,leak,no_cyto_motion
,82,400-SHG-40mW-30s,2024-03-04,9,0,laser,400,SHG,40,0.013,30,0.382,0.1,NA,NA,NA,NA,leak,no_cyto_motion
,83,400-SHG-40mW-30s,2024-03-04,9,0,laser,400,SHG,40,0.013,30,0.382,0.1,NA,NA,NA,NA,leak,no_cyto_motion
,84,400-SHG-40mW-30s,2024-03-04,9,0,laser,400,SHG,40,0.013,30,0.382,0.1,NA,NA,NA,NA,leak,no_cyto_motion
,85,400-SHG-40mW-30s,2024-03-04,10,0,laser,400,SHG,40,0.013,30,0.382,0.1,NA,NA,NA,NA,leak,no_cyto_motion
,86,400-SHG-40mW-30s,2024-03-04,10,0,laser,400,SHG,40,0.013,30,0.382,0.1,NA,NA,NA,NA,leak,no_cyto_motion
,87,400-SHG-40mW-30s,2024-03-04,10,0,laser,400,SHG,40,0.013,30,0.382,0.1,NA,NA,NA,NA,leak,no_cyto_motion
,88,400-SHG-40mW-30s,2024-03-04,11,0,laser,400,SHG,40,0.013,30,0.382,0.1,NA,NA,NA,NA,leak,no_cyto_motion
,89,400-SHG-40mW-30s,2024-03-04,11,0,laser,400,SHG,40,0.013,30,0.382,0.1,NA,NA,NA,NA,leak,no_cyto_motion
,90,400-SHG-40mW-30s,2024-03-04,11,0,laser,400,SHG,40,0.013,30,0.382,0.1,NA,NA,NA,NA,leak,no_cyto_motion
,91,400-SHG-40mW-30s,2024-03-04,12,0,laser,400,SHG,40,0.013,30,0.382,0.1,NA,NA,NA,NA,leak,no_cyto_motion
,92,400-SHG-40mW-30s,2024-03-04,12,0,laser,400,SHG,40,0.013,30,0.382,0.1,NA,NA,NA,NA,leak,no_cyto_motion
,93,400-SHG-40mW-30s,2024-03-04,12,0,laser,400,SHG,40,0.013,30,0.382,0.1,NA,NA,NA,NA,leak,no_cyto_motion
,94,400-SHG-40mW-15s,2024-03-04,1,0,laser,400,SHG,40,0.013,15,0.191,0.1,NA,NA,NA,NA,leak,no_cyto_motion
,95,400-SHG-40mW-15s,2024-03-04,1,0,laser,400,SHG,40,0.013,15,0.191,0.1,NA,NA,NA,NA,leak,no_cyto_motion
,96,400-SHG-40mW-15s,2024-03-04,1,0,laser,400,SHG,40,0.013,15,0.191,0.1,NA,NA,NA,NA,leak,no_cyto_motion
,97,400-SHG-40mW-15s,2024-03-04,2,0,laser,400,SHG,40,0.013,15,0.191,0.1,NA,NA,NA,NA,leak,no_cyto_motion
,98,400-SHG-40mW-15s,2024-03-04,2,0,laser,400,SHG,40,0.013,15,0.191,0.1,NA,NA,NA,NA,leak,no_cyto_motion
,99,400-SHG-40mW-15s,2024-03-04,2,0,laser,400,SHG,40,0.013,15,0.191,0.1,NA,NA,NA,NA,leak,no_cyto_motion
,100,400-SHG-40mW-15s,2024-03-04,3,0,laser,400,SHG,40,0.013,15,0.191,0.1,NA,NA,NA,NA,leak,no_cyto_motion
,101,400-SHG-40mW-15s,2024-03-04,3,0,laser,400,SHG,40,0.013,15,0.191,0.1,NA,NA,NA,NA,leak,no_cyto_motion
,102,400-SHG-40mW-15s,2024-03-04,3,0,laser,400,SHG,40,0.013,15,0.191,0.1,NA,NA,NA,NA,leak,no_cyto_motion
,103,400-SHG-40mW-15s,2024-03-04,4,0,laser,400,SHG,40,0.013,15,0.191,0.1,NA,NA,NA,NA,leak,no_cyto_motion
,104,400-SHG-40mW-15s,2024-03-04,4,0,laser,400,SHG,40,0.013,15,0.191,0.1,NA,NA,NA,NA,leak,no_cyto_motion
,105,400-SHG-40mW-15s,2024-03-04,5,0,laser,400,SHG,40,0.013,15,0.191,0.1,NA,NA,NA,NA,leak,no_cyto_motion
,106,400-SHG-40mW-15s,2024-03-04,5,0,laser,400,SHG,40,0.013,15,0.191,0.1,NA,NA,NA,NA,leak,no_cyto_motion
,107,400-SHG-40mW-15s,2024-03-04,5,0,laser,400,SHG,40,0.013,15,0.191,0.1,NA,NA,NA,NA,leak,no_cyto_motion
,108,400-SHG-40mW-15s,2024-03-04,6,0,laser,400,SHG,40,0.013,15,0.191,0.1,NA,NA,NA,NA,leak,no_cyto_motion
,109,400-SHG-40mW-15s,2024-03-04,6,0,laser,400,SHG,40,0.013,15,0.191,0.1,NA,NA,NA,NA,leak,no_cyto_motion
,110,400-SHG-40mW-15s,2024-03-04,6,0,laser,400,SHG,40,0.013,15,0.191,0.1,NA,NA,NA,NA,leak,no_cyto_motion
,111,400-SHG-40mW-15s,2024-03-04,7,0,laser,400,SHG,40,0.013,15,0.191,0.1,NA,NA,NA,NA,leak,no_cyto_motion
,112,400-SHG-40mW-15s,2024-03-04,7,0,laser,400,SHG,40,0.013,15,0.191,0.1,NA,NA,NA,NA,leak,no_cyto_motion
,113,400-SHG-40mW-15s,2024-03-04,7,0,laser,400,SHG,40,0.013,15,0.191,0.1,NA,NA,NA,NA,leak,no_cyto_motion
,114,400-SHG-40mW-15s,2024-03-04,8,0,laser,400,SHG,40,0.013,15,0.191,0.1,NA,NA,NA,NA,leak,no_cyto_motion
,115,400-SHG-40mW-15s,2024-03-04,8,0,laser,400,SHG,40,0.013,15,0.191,0.1,NA,NA,NA,NA,leak,no_cyto_motion
,116,400-SHG-40mW-15s,2024-03-04,8,0,laser,400,SHG,40,0.013,15,0.191,0.1,NA,NA,NA,NA,leak,no_cyto_motion
,117,400-SHG-40mW-15s,2024-03-04,9,0,laser,400,SHG,40,0.013,15,0.191,0.1,NA,NA,NA,NA,leak,no_cyto_motion
,118,400-SHG-40mW-15s,2024-03-04,9,0,laser,400,SHG,40,0.013,15,0.191,0.1,NA,NA,NA,NA,leak,no_cyto_motion
,119,400-SHG-40mW-15s,2024-03-04,9,0,laser,400,SHG,40,0.013,15,0.191,0.1,NA,NA,NA,NA,leak,no_cyto_motion
,120,400-SHG-40mW-15s,2024-03-04,10,0,laser,400,SHG,40,0.013,15,0.191,0.1,NA,NA,NA,NA,leak,no_cyto_motion
,121,400-SHG-40mW-15s,2024-03-04,10,0,laser,400,SHG,40,0.013,15,0.191,0.1,NA,NA,NA,NA,leak,no_cyto_motion
,122,400-SHG-40mW-15s,2024-03-04,10,0,laser,400,SHG,40,0.013,15,0.191,0.1,NA,NA,NA,NA,leak,no_cyto_motion
,123,400-SHG-40mW-15s,2024-03-04,11,0,laser,400,SHG,40,0.013,15,0.191,0.1,NA,NA,NA,NA,leak,no_cyto_motion
,124,400-SHG-40mW-15s,2024-03-04,11,0,laser,400,SHG,40,0.013,15,0.191,0.1,NA,NA,NA,NA,leak,no_cyto_motion
,125,400-SHG-40mW-15s,2024-03-04,11,0,laser,400,SHG,40,0.013,15,0.191,0.1,NA,NA,NA,NA,leak,no_cyto_motion
,126,400-SHG-40mW-15s,2024-03-04,12,0,laser,400,SHG,40,0.013,15,0.191,0.1,NA,NA,NA,NA,leak,no_cyto_motion
,127,400-SHG-40mW-15s,2024-03-04,12,0,laser,400,SHG,40,0.013,15,0.191,0.1,NA,NA,NA,NA,leak,no_cyto_motion
,128,400-SHG-40mW-15s,2024-03-04,12,0,laser,400,SHG,40,0.013,15,0.191,0.1,NA,NA,NA,NA,leak,no_cyto_motion
,129,400-SHG-40mW-5s,2024-03-20,1,0,laser,400,SHG,40,0.013,5,0.064,13.1,NA,NA,NA,NA,leak,no_cyto_motion
,130,400-SHG-40mW-5s,2024-03-20,1,0,laser,400,SHG,40,0.013,5,0.064,13.1,NA,NA,NA,NA,leak,no_cyto_motion
,131,400-SHG-40mW-5s,2024-03-20,1,0,laser,400,SHG,40,0.013,5,0.064,13.1,NA,NA,NA,NA,leak,no_cyto_motion
,132,400-SHG-40mW-5s,2024-03-20,2,0,laser,400,SHG,40,0.013,5,0.064,13.1,NA,NA,NA,NA,leak,no_cyto_motion
,133,400-SHG-40mW-5s,2024-03-20,2,0,laser,400,SHG,40,0.013,5,0.064,13.1,NA,NA,NA,NA,leak,no_cyto_motion
,134,400-SHG-40mW-5s,2024-03-20,2,0,laser,400,SHG,40,0.013,5,0.064,13.1,NA,NA,NA,NA,leak,no_cyto_motion
,135,400-SHG-40mW-5s,2024-03-20,3,0,laser,400,SHG,40,0.013,5,0.064,13.1,NA,NA,NA,NA,leak,no_cyto_motion
,136,400-SHG-40mW-5s,2024-03-20,3,0,laser,400,SHG,40,0.013,5,0.064,13.1,NA,NA,NA,NA,leak,no_cyto_motion
,137,400-SHG-40mW-5s,2024-03-20,3,0,laser,400,SHG,40,0.013,5,0.064,13.1,NA,NA,NA,NA,leak,no_cyto_motion
,138,400-SHG-40mW-5s,2024-03-20,4,0,laser,400,SHG,40,0.013,5,0.064,13.1,NA,NA,NA,NA,leak,no_cyto_motion
,139,400-SHG-40mW-5s,2024-03-20,4,0,laser,400,SHG,40,0.013,5,0.064,13.1,NA,NA,NA,NA,leak,no_cyto_motion
,140,400-SHG-40mW-5s,2024-03-20,4,0,laser,400,SHG,40,0.013,5,0.064,13.1,NA,NA,NA,NA,leak,no_cyto_motion
,141,400-SHG-40mW-5s,2024-03-20,5,0,laser,400,SHG,40,0.013,5,0.064,13.1,NA,NA,NA,NA,leak,no_cyto_motion
,142,400-SHG-40mW-5s,2024-03-20,5,0,laser,400,SHG,40,0.013,5,0.064,13.1,NA,NA,NA,NA,leak,no_cyto_motion
,143,400-SHG-40mW-5s,2024-03-20,5,0,laser,400,SHG,40,0.013,5,0.064,13.1,NA,NA,NA,NA,leak,no_cyto_motion
,144,400-SHG-40mW-5s,2024-03-20,6,0,laser,400,SHG,40,0.013,5,0.064,13.1,NA,NA,NA,NA,leak,no_cyto_motion
,145,400-SHG-40mW-5s,2024-03-20,6,0,laser,400,SHG,40,0.013,5,0.064,13.1,NA,NA,NA,NA,leak,no_cyto_motion
,146,400-SHG-40mW-5s,2024-03-20,6,0,laser,400,SHG,40,0.013,5,0.064,13.1,NA,NA,NA,NA,leak,no_cyto_motion
,147,400-SHG-40mW-5s,2024-03-20,7,0,laser,400,SHG,40,0.013,5,0.064,13.1,NA,NA,NA,NA,leak,no_cyto_motion
,148,400-SHG-40mW-5s,2024-03-20,7,0,laser,400,SHG,40,0.013,5,0.064,13.1,NA,NA,NA,NA,leak,no_cyto_motion
,149,400-SHG-40mW-5s,2024-03-20,7,0,laser,400,SHG,40,0.013,5,0.064,13.1,NA,NA,NA,NA,leak,no_cyto_motion
,150,400-SHG-40mW-5s,2024-03-20,8,0,laser,400,SHG,40,0.013,5,0.064,13.1,NA,NA,NA,NA,leak,no_cyto_motion
,151,400-SHG-40mW-5s,2024-03-20,8,0,laser,400,SHG,40,0.013,5,0.064,13.1,NA,NA,NA,NA,leak,no_cyto_motion
,152,400-SHG-40mW-5s,2024-03-20,8,0,laser,400,SHG,40,0.013,5,0.064,13.1,NA,NA,NA,NA,leak,no_cyto_motion
,153,400-SHG-40mW-5s,2024-03-20,9,0,laser,400,SHG,40,0.013,5,0.064,13.1,NA,NA,NA,NA,leak,no_cyto_motion
,154,400-SHG-40mW-5s,2024-03-20,9,0,laser,400,SHG,40,0.013,5,0.064,13.1,NA,NA,NA,NA,leak,no_cyto_motion
,155,400-SHG-40mW-5s,2024-03-20,9,0,laser,400,SHG,40,0.013,5,0.064,13.1,NA,NA,NA,NA,leak,no_cyto_motion
,156,400-SHG-40mW-5s,2024-03-20,10,0,laser,400,SHG,40,0.013,5,0.064,13.1,NA,NA,NA,NA,leak,no_cyto_motion
,157,400-SHG-40mW-5s,2024-03-20,10,0,laser,400,SHG,40,0.013,5,0.064,13.1,NA,NA,NA,NA,leak,no_cyto_motion
,158,400-SHG-40mW-5s,2024-03-20,10,0,laser,400,SHG,40,0.013,5,0.064,13.1,NA,NA,NA,NA,leak,no_cyto_motion
,159,400-SHG-40mW-5s,2024-03-20,11,0,laser,400,SHG,40,0.013,5,0.064,13.1,NA,NA,NA,NA,leak,no_cyto_motion
,160,400-SHG-40mW-5s,2024-03-20,11,0,laser,400,SHG,40,0.013,5,0.064,13.1,NA,NA,NA,NA,leak,no_cyto_motion
,161,400-SHG-40mW-5s,2024-03-20,11,0,laser,400,SHG,40,0.013,5,0.064,13.1,NA,NA,NA,NA,leak,no_cyto_motion
,162,400-SHG-40mW-5s,2024-03-20,12,0,laser,400,SHG,40,0.013,5,0.064,13.1,NA,NA,NA,NA,leak,no_cyto_motion
,163,400-SHG-40mW-5s,2024-03-20,12,0,laser,400,SHG,40,0.013,5,0.064,13.1,NA,NA,NA,NA,leak,no_cyto_motion
,164,400-SHG-40mW-5s,2024-03-20,12,0,laser,400,SHG,40,0.013,5,0.064,13.1,NA,NA,NA,NA,leak,no_cyto_motion
,165,400-SHG-40mW-1s,2024-03-20,1,0,laser,400,SHG,40,0.013,1,0.013,13.5,NA,NA,NA,NA,leak,no_cyto_motion
,166,400-SHG-40mW-1s,2024-03-20,1,0,laser,400,SHG,40,0.013,1,0.013,13.5,NA,NA,NA,NA,leak,no_cyto_motion
,167,400-SHG-40mW-1s,2024-03-20,1,0,laser,400,SHG,40,0.013,1,0.013,13.5,NA,NA,NA,NA,leak,no_cyto_motion
,168,400-SHG-40mW-1s,2024-03-20,2,0,laser,400,SHG,40,0.013,1,0.013,13.5,NA,NA,NA,NA,leak,no_cyto_motion
,169,400-SHG-40mW-1s,2024-03-20,2,0,laser,400,SHG,40,0.013,1,0.013,13.5,NA,NA,NA,NA,leak,no_cyto_motion
,170,400-SHG-40mW-1s,2024-03-20,2,0,laser,400,SHG,40,0.013,1,0.013,13.5,NA,NA,NA,NA,leak,no_cyto_motion
,171,400-SHG-40mW-1s,2024-03-20,3,0,laser,400,SHG,40,0.013,1,0.013,13.5,NA,NA,NA,NA,leak,no_cyto_motion
,172,400-SHG-40mW-1s,2024-03-20,3,0,laser,400,SHG,40,0.013,1,0.013,13.5,NA,NA,NA,NA,leak,no_cyto_motion
,173,400-SHG-40mW-1s,2024-03-20,3,0,laser,400,SHG,40,0.013,1,0.013,13.5,NA,NA,NA,NA,leak,no_cyto_motion
,174,400-SHG-40mW-1s,2024-03-20,4,0,laser,400,SHG,40,0.013,1,0.013,13.5,NA,NA,NA,NA,leak,no_cyto_motion
,175,400-SHG-40mW-1s,2024-03-20,4,0,laser,400,SHG,40,0.013,1,0.013,13.5,NA,NA,NA,NA,leak,no_cyto_motion
,176,400-SHG-40mW-1s,2024-03-20,4,0,laser,400,SHG,40,0.013,1,0.013,13.5,NA,NA,NA,NA,leak,no_cyto_motion
,177,400-SHG-40mW-1s,2024-03-20,5,0,laser,400,SHG,40,0.013,1,0.013,13.5,NA,NA,NA,NA,leak,no_cyto_motion
,178,400-SHG-40mW-1s,2024-03-20,5,0,laser,400,SHG,40,0.013,1,0.013,13.5,NA,NA,NA,NA,leak,no_cyto_motion
,179,400-SHG-40mW-1s,2024-03-20,5,0,laser,400,SHG,40,0.013,1,0.013,13.5,NA,NA,NA,NA,leak,no_cyto_motion
,180,400-SHG-40mW-1s,2024-03-20,6,0,laser,400,SHG,40,0.013,1,0.013,13.5,NA,NA,NA,NA,leak,no_cyto_motion
,181,400-SHG-40mW-1s,2024-03-20,6,0,laser,400,SHG,40,0.013,1,0.013,13.5,NA,NA,NA,NA,leak,no_cyto_motion
,182,400-SHG-40mW-1s,2024-03-20,6,0,laser,400,SHG,40,0.013,1,0.013,13.5,NA,NA,NA,NA,leak,no_cyto_motion
,183,400-SHG-40mW-1s,2024-03-20,7,0,laser,400,SHG,40,0.013,1,0.013,13.5,NA,NA,NA,NA,leak,no_cyto_motion
,184,400-SHG-40mW-1s,2024-03-20,7,0,laser,400,SHG,40,0.013,1,0.013,13.5,NA,NA,NA,NA,leak,no_cyto_motion
,185,400-SHG-40mW-1s,2024-03-20,7,0,laser,400,SHG,40,0.013,1,0.013,13.5,NA,NA,NA,NA,leak,no_cyto_motion
,186,400-SHG-40mW-1s,2024-03-20,8,0,laser,400,SHG,40,0.013,1,0.013,13.5,NA,NA,NA,NA,leak,no_cyto_motion
,187,400-SHG-40mW-1s,2024-03-20,8,0,laser,400,SHG,40,0.013,1,0.013,13.5,NA,NA,NA,NA,leak,no_cyto_motion
,188,400-SHG-40mW-1s,2024-03-20,8,0,laser,400,SHG,40,0.013,1,0.013,13.5,NA,NA,NA,NA,leak,no_cyto_motion
,189,400-SHG-40mW-1s,2024-03-20,9,0,laser,400,SHG,40,0.013,1,0.013,13.5,NA,NA,NA,NA,leak,no_cyto_motion
,190,400-SHG-40mW-1s,2024-03-20,9,0,laser,400,SHG,40,0.013,1,0.013,13.5,NA,NA,NA,NA,leak,no_cyto_motion
,191,400-SHG-40mW-1s,2024-03-20,9,0,laser,400,SHG,40,0.013,1,0.013,13.5,NA,NA,NA,NA,leak,no_cyto_motion
,192,400-SHG-40mW-1s,2024-03-20,10,0,laser,400,SHG,40,0.013,1,0.013,13.5,NA,NA,NA,NA,leak,no_cyto_motion
,193,400-SHG-40mW-1s,2024-03-20,10,0,laser,400,SHG,40,0.013,1,0.013,13.5,NA,NA,NA,NA,leak,no_cyto_motion
,194,400-SHG-40mW-1s,2024-03-20,10,0,laser,400,SHG,40,0.013,1,0.013,13.5,NA,NA,NA,NA,leak,no_cyto_motion
,195,400-SHG-40mW-1s,2024-03-20,11,0,laser,400,SHG,40,0.013,1,0.013,13.5,NA,NA,NA,NA,leak,no_cyto_motion
,196,400-SHG-40mW-1s,2024-03-20,11,0,laser,400,SHG,40,0.013,1,0.013,13.5,NA,NA,NA,NA,leak,no_cyto_motion
,197,400-SHG-40mW-1s,2024-03-20,11,0,laser,400,SHG,40,0.013,1,0.013,13.5,NA,NA,NA,NA,leak,no_cyto_motion
,198,400-SHG-40mW-1s,2024-03-20,12,0,laser,400,SHG,40,0.013,1,0.013,13.5,NA,NA,NA,NA,leak,no_cyto_motion
,199,400-SHG-40mW-1s,2024-03-20,12,0,laser,400,SHG,40,0.013,1,0.013,13.5,NA,NA,NA,NA,leak,no_cyto_motion
,200,400-SHG-40mW-1s,2024-03-20,12,0,laser,400,SHG,40,0.013,1,0.013,13.5,NA,NA,NA,NA,leak,no_cyto_motion
,201,400-SHG-20mW-5s,2024-06-05,1,0,laser,400,SHG,20,0.006,5,0.032,15.5,NA,NA,NA,NA,leak,no_cyto_motion
,202,400-SHG-20mW-5s,2024-06-05,1,0,laser,400,SHG,20,0.006,5,0.032,15.5,NA,NA,NA,NA,leak,no_cyto_motion
,203,400-SHG-20mW-5s,2024-06-05,1,0,laser,400,SHG,20,0.006,5,0.032,15.5,NA,NA,NA,NA,leak,no_cyto_motion
,204,400-SHG-20mW-5s,2024-06-05,2,0,laser,400,SHG,20,0.006,5,0.032,15.5,NA,NA,NA,NA,leak,no_cyto_motion
,205,400-SHG-20mW-5s,2024-06-05,2,0,laser,400,SHG,20,0.006,5,0.032,15.5,NA,NA,NA,NA,leak,no_cyto_motion
,206,400-SHG-20mW-5s,2024-06-05,2,0,laser,400,SHG,20,0.006,5,0.032,15.5,NA,NA,NA,NA,leak,no_cyto_motion
,207,400-SHG-20mW-5s,2024-06-05,3,0,laser,400,SHG,20,0.006,5,0.032,15.5,NA,NA,NA,NA,leak,no_cyto_motion
,208,400-SHG-20mW-5s,2024-06-05,3,0,laser,400,SHG,20,0.006,5,0.032,15.5,NA,NA,NA,NA,leak,no_cyto_motion
,209,400-SHG-20mW-5s,2024-06-05,3,0,laser,400,SHG,20,0.006,5,0.032,15.5,NA,NA,NA,NA,leak,no_cyto_motion
,210,400-SHG-20mW-5s,2024-06-05,4,0,laser,400,SHG,20,0.006,5,0.032,15.5,NA,NA,NA,NA,leak,no_cyto_motion
,211,400-SHG-20mW-5s,2024-06-05,4,0,laser,400,SHG,20,0.006,5,0.032,15.5,NA,NA,NA,NA,leak,no_cyto_motion
,212,400-SHG-20mW-5s,2024-06-05,4,0,laser,400,SHG,20,0.006,5,0.032,15.5,NA,NA,NA,NA,leak,no_cyto_motion
,213,400-SHG-20mW-5s,2024-06-05,5,0,laser,400,SHG,20,0.006,5,0.032,15.5,NA,NA,NA,NA,leak,no_cyto_motion
,214,400-SHG-20mW-5s,2024-06-05,5,0,laser,400,SHG,20,0.006,5,0.032,15.5,NA,NA,NA,NA,leak,no_cyto_motion
,215,400-SHG-20mW-5s,2024-06-05,5,0,laser,400,SHG,20,0.006,5,0.032,15.5,NA,NA,NA,NA,leak,no_cyto_motion
,216,400-SHG-20mW-5s,2024-06-05,6,0,laser,400,SHG,20,0.006,5,0.032,15.5,NA,NA,NA,NA,leak,no_cyto_motion
,217,400-SHG-20mW-5s,2024-06-05,6,0,laser,400,SHG,20,0.006,5,0.032,15.5,NA,NA,NA,NA,leak,no_cyto_motion
,218,400-SHG-20mW-5s,2024-06-05,6,0,laser,400,SHG,20,0.006,5,0.032,15.5,NA,NA,NA,NA,leak,no_cyto_motion
,219,400-SHG-20mW-5s,2024-06-05,7,0,laser,400,SHG,20,0.006,5,0.032,15.5,NA,NA,NA,NA,leak,no_cyto_motion
,220,400-SHG-20mW-5s,2024-06-05,7,0,laser,400,SHG,20,0.006,5,0.032,15.5,NA,NA,NA,NA,leak,no_cyto_motion
,221,400-SHG-20mW-5s,2024-06-05,7,0,laser,400,SHG,20,0.006,5,0.032,15.5,NA,NA,NA,NA,leak,no_cyto_motion
,222,400-SHG-20mW-5s,2024-06-05,8,0,laser,400,SHG,20,0.006,5,0.032,15.5,NA,NA,NA,NA,leak,no_cyto_motion
,223,400-SHG-20mW-5s,2024-06-05,8,0,laser,400,SHG,20,0.006,5,0.032,15.5,NA,NA,NA,NA,leak,no_cyto_motion
,224,400-SHG-20mW-5s,2024-06-05,8,0,laser,400,SHG,20,0.006,5,0.032,15.5,NA,NA,NA,NA,leak,no_cyto_motion
,225,400-SHG-20mW-5s,2024-06-05,9,0,laser,400,SHG,20,0.006,5,0.032,15.5,NA,NA,NA,NA,leak,no_cyto_motion
,226,400-SHG-20mW-5s,2024-06-05,9,0,laser,400,SHG,20,0.006,5,0.032,15.5,NA,NA,NA,NA,leak,no_cyto_motion
,227,400-SHG-20mW-5s,2024-06-05,9,0,laser,400,SHG,20,0.006,5,0.032,15.5,NA,NA,NA,NA,leak,no_cyto_motion
,228,400-SHG-20mW-5s,2024-06-05,10,0,laser,400,SHG,20,0.006,5,0.032,15.5,NA,NA,NA,NA,leak,no_cyto_motion
,229,400-SHG-20mW-5s,2024-06-05,10,0,laser,400,SHG,20,0.006,5,0.032,15.5,NA,NA,NA,NA,leak,no_cyto_motion
,230,400-SHG-20mW-5s,2024-06-05,10,0,laser,400,SHG,20,0.006,5,0.032,15.5,NA,NA,NA,NA,leak,no_cyto_motion
,231,400-SHG-20mW-5s,2024-06-05,11,0,laser,400,SHG,20,0.006,5,0.032,15.5,NA,NA,NA,NA,leak,no_cyto_motion
,232,400-SHG-20mW-5s,2024-06-05,11,0,laser,400,SHG,20,0.006,5,0.032,15.5,NA,NA,NA,NA,leak,no_cyto_motion
,233,400-SHG-20mW-5s,2024-06-05,11,0,laser,400,SHG,20,0.006,5,0.032,15.5,NA,NA,NA,NA,leak,no_cyto_motion
,234,400-SHG-20mW-5s,2024-06-05,12,0,laser,400,SHG,20,0.006,5,0.032,15.5,NA,NA,NA,NA,leak,no_cyto_motion
,235,400-SHG-20mW-5s,2024-06-05,12,0,laser,400,SHG,20,0.006,5,0.032,15.5,NA,NA,NA,NA,leak,no_cyto_motion
,236,400-SHG-20mW-5s,2024-06-05,12,0,laser,400,SHG,20,0.006,5,0.032,15.5,NA,NA,NA,NA,leak,no_cyto_motion
,237,400-SHG-20mW-1s,2024-06-05,1,0,laser,400,SHG,20,0.006,1,0.006,16.9,NA,NA,NA,NA,leak,cyto_motion
,238,400-SHG-20mW-1s,2024-06-05,1,0,laser,400,SHG,20,0.006,1,0.006,16.9,NA,NA,NA,NA,arrested,cyto_motion
,239,400-SHG-20mW-1s,2024-06-05,1,0,laser,400,SHG,20,0.006,1,0.006,16.9,NA,NA,NA,NA,arrested,cyto_motion
,240,400-SHG-20mW-1s,2024-06-05,2,0,laser,400,SHG,20,0.006,1,0.006,16.9,75,96,231,274,L3_reached,cyto_motion
,241,400-SHG-20mW-1s,2024-06-05,2,0,laser,400,SHG,20,0.006,1,0.006,16.9,NA,NA,NA,NA,arrested,cyto_motion
,242,400-SHG-20mW-1s,2024-06-05,2,0,laser,400,SHG,20,0.006,1,0.006,16.9,NA,NA,NA,NA,arrested,cyto_motion
,243,400-SHG-20mW-1s,2024-06-05,3,0,laser,400,SHG,20,0.006,1,0.006,16.9,NA,NA,NA,NA,arrested,cyto_motion
,244,400-SHG-20mW-1s,2024-06-05,3,0,laser,400,SHG,20,0.006,1,0.006,16.9,NA,NA,NA,NA,leak,no_cyto_motion
,245,400-SHG-20mW-1s,2024-06-05,3,0,laser,400,SHG,20,0.006,1,0.006,16.9,NA,NA,NA,NA,arrested,cyto_motion
,246,400-SHG-20mW-1s,2024-06-05,4,0,laser,400,SHG,20,0.006,1,0.006,16.9,NA,NA,NA,NA,arrested,cyto_motion
,247,400-SHG-20mW-1s,2024-06-05,4,0,laser,400,SHG,20,0.006,1,0.006,16.9,NA,NA,NA,NA,arrested,cyto_motion
,248,400-SHG-20mW-1s,2024-06-05,4,0,laser,400,SHG,20,0.006,1,0.006,16.9,NA,NA,NA,NA,arrested,cyto_motion
,249,400-SHG-20mW-1s,2024-06-05,5,0,laser,400,SHG,20,0.006,1,0.006,16.9,135,177,NA,NA,degenerated,cyto_motion
,250,400-SHG-20mW-1s,2024-06-05,5,0,laser,400,SHG,20,0.006,1,0.006,16.9,NA,NA,NA,NA,arrested,cyto_motion
,251,400-SHG-20mW-1s,2024-06-05,5,0,laser,400,SHG,20,0.006,1,0.006,16.9,NA,NA,NA,NA,arrested,cyto_motion
,252,400-SHG-20mW-1s,2024-06-05,6,0,laser,400,SHG,20,0.006,1,0.006,16.9,NA,NA,NA,NA,leak,cyto_motion
,253,400-SHG-20mW-1s,2024-06-05,6,0,laser,400,SHG,20,0.006,1,0.006,16.9,NA,NA,NA,NA,arrested,cyto_motion
,254,400-SHG-20mW-1s,2024-06-05,6,0,laser,400,SHG,20,0.006,1,0.006,16.9,41,55,155,182,L3_reached,cyto_motion
,255,400-SHG-20mW-1s,2024-06-05,7,0,laser,400,SHG,20,0.006,1,0.006,16.9,76,95,230,250,L3_reached,cyto_motion
,256,400-SHG-20mW-1s,2024-06-05,7,0,laser,400,SHG,20,0.006,1,0.006,16.9,71,98,330,NA,degenerated,cyto_motion
,257,400-SHG-20mW-1s,2024-06-05,7,0,laser,400,SHG,20,0.006,1,0.006,16.9,NA,NA,NA,NA,arrested,cyto_motion
,258,400-SHG-20mW-1s,2024-06-05,8,0,laser,400,SHG,20,0.006,1,0.006,16.9,NA,NA,NA,NA,leak,cyto_motion
,259,400-SHG-20mW-1s,2024-06-05,8,0,laser,400,SHG,20,0.006,1,0.006,16.9,NA,NA,NA,NA,arrested,cyto_motion
,260,400-SHG-20mW-1s,2024-06-05,8,0,laser,400,SHG,20,0.006,1,0.006,16.9,NA,NA,NA,NA,leak,cyto_motion
,261,400-SHG-20mW-1s,2024-06-05,9,0,laser,400,SHG,20,0.006,1,0.006,16.9,NA,NA,NA,NA,arrested,cyto_motion
,262,400-SHG-20mW-1s,2024-06-05,9,0,laser,400,SHG,20,0.006,1,0.006,16.9,NA,NA,NA,NA,arrested,cyto_motion
,263,400-SHG-20mW-1s,2024-06-05,9,0,laser,400,SHG,20,0.006,1,0.006,16.9,NA,NA,NA,NA,arrested,cyto_motion
,264,400-SHG-20mW-1s,2024-06-05,10,0,laser,400,SHG,20,0.006,1,0.006,16.9,NA,NA,NA,NA,arrested,cyto_motion
,265,400-SHG-20mW-1s,2024-06-05,10,0,laser,400,SHG,20,0.006,1,0.006,16.9,NA,NA,NA,NA,arrested,cyto_motion
,266,400-SHG-20mW-1s,2024-06-05,10,0,laser,400,SHG,20,0.006,1,0.006,16.9,NA,NA,NA,NA,arrested,cyto_motion
,267,400-SHG-20mW-1s,2024-06-05,11,0,laser,400,SHG,20,0.006,1,0.006,16.9,NA,NA,NA,NA,arrested,cyto_motion
,268,400-SHG-20mW-1s,2024-06-05,11,0,laser,400,SHG,20,0.006,1,0.006,16.9,NA,NA,NA,NA,arrested,cyto_motion
,269,400-SHG-20mW-1s,2024-06-05,11,0,laser,400,SHG,20,0.006,1,0.006,16.9,NA,NA,NA,NA,arrested,cyto_motion
,270,400-SHG-20mW-1s,2024-06-05,12,0,laser,400,SHG,20,0.006,1,0.006,16.9,NA,NA,NA,NA,arrested,cyto_motion
,271,400-SHG-20mW-1s,2024-06-05,12,0,laser,400,SHG,20,0.006,1,0.006,16.9,NA,NA,NA,NA,arrested,cyto_motion
,272,400-SHG-20mW-1s,2024-06-05,12,0,laser,400,SHG,20,0.006,1,0.006,16.9,NA,NA,NA,NA,arrested,cyto_motion
,273,400-SHG-10mW-10s,2024-06-19,1,0,laser,400,SHG,10,0.003,10,0.032,40.5,NA,NA,NA,NA,leak,no_cyto_motion
,274,400-SHG-10mW-10s,2024-06-19,1,0,laser,400,SHG,10,0.003,10,0.032,40.5,NA,NA,NA,NA,leak,no_cyto_motion
,275,400-SHG-10mW-10s,2024-06-19,1,0,laser,400,SHG,10,0.003,10,0.032,40.5,NA,NA,NA,NA,leak,no_cyto_motion
,276,400-SHG-10mW-10s,2024-06-19,2,0,laser,400,SHG,10,0.003,10,0.032,40.5,NA,NA,NA,NA,leak,no_cyto_motion
,277,400-SHG-10mW-10s,2024-06-19,2,0,laser,400,SHG,10,0.003,10,0.032,40.5,NA,NA,NA,NA,leak,no_cyto_motion
,278,400-SHG-10mW-10s,2024-06-19,2,0,laser,400,SHG,10,0.003,10,0.032,40.5,NA,NA,NA,NA,leak,no_cyto_motion
,279,400-SHG-10mW-10s,2024-06-19,3,0,laser,400,SHG,10,0.003,10,0.032,40.5,NA,NA,NA,NA,leak,no_cyto_motion
,280,400-SHG-10mW-10s,2024-06-19,3,0,laser,400,SHG,10,0.003,10,0.032,40.5,NA,NA,NA,NA,leak,no_cyto_motion
,281,400-SHG-10mW-10s,2024-06-19,3,0,laser,400,SHG,10,0.003,10,0.032,40.5,NA,NA,NA,NA,leak,no_cyto_motion
,282,400-SHG-10mW-10s,2024-06-19,4,0,laser,400,SHG,10,0.003,10,0.032,40.5,NA,NA,NA,NA,leak,no_cyto_motion
,283,400-SHG-10mW-10s,2024-06-19,4,0,laser,400,SHG,10,0.003,10,0.032,40.5,NA,NA,NA,NA,leak,no_cyto_motion
,284,400-SHG-10mW-10s,2024-06-19,4,0,laser,400,SHG,10,0.003,10,0.032,40.5,NA,NA,NA,NA,leak,no_cyto_motion
,285,400-SHG-10mW-10s,2024-06-19,5,0,laser,400,SHG,10,0.003,10,0.032,40.5,NA,NA,NA,NA,leak,no_cyto_motion
,286,400-SHG-10mW-10s,2024-06-19,5,0,laser,400,SHG,10,0.003,10,0.032,40.5,NA,NA,NA,NA,leak,no_cyto_motion
,287,400-SHG-10mW-10s,2024-06-19,5,0,laser,400,SHG,10,0.003,10,0.032,40.5,NA,NA,NA,NA,leak,no_cyto_motion
,288,400-SHG-10mW-10s,2024-06-19,6,0,laser,400,SHG,10,0.003,10,0.032,40.5,NA,NA,NA,NA,leak,no_cyto_motion
,289,400-SHG-10mW-10s,2024-06-19,6,0,laser,400,SHG,10,0.003,10,0.032,40.5,NA,NA,NA,NA,leak,no_cyto_motion
,290,400-SHG-10mW-10s,2024-06-19,6,0,laser,400,SHG,10,0.003,10,0.032,40.5,NA,NA,NA,NA,leak,no_cyto_motion
,291,400-SHG-10mW-10s,2024-06-19,7,0,laser,400,SHG,10,0.003,10,0.032,40.5,NA,NA,NA,NA,leak,no_cyto_motion
,292,400-SHG-10mW-10s,2024-06-19,7,0,laser,400,SHG,10,0.003,10,0.032,40.5,NA,NA,NA,NA,leak,no_cyto_motion
,293,400-SHG-10mW-10s,2024-06-19,7,0,laser,400,SHG,10,0.003,10,0.032,40.5,NA,NA,NA,NA,leak,no_cyto_motion
,294,400-SHG-10mW-10s,2024-06-19,8,0,laser,400,SHG,10,0.003,10,0.032,40.5,NA,NA,NA,NA,leak,no_cyto_motion
,295,400-SHG-10mW-10s,2024-06-19,8,0,laser,400,SHG,10,0.003,10,0.032,40.5,NA,NA,NA,NA,leak,no_cyto_motion
,296,400-SHG-10mW-10s,2024-06-19,8,0,laser,400,SHG,10,0.003,10,0.032,40.5,NA,NA,NA,NA,leak,no_cyto_motion
,297,400-SHG-10mW-10s,2024-06-19,9,0,laser,400,SHG,10,0.003,10,0.032,40.5,NA,NA,NA,NA,leak,no_cyto_motion
,298,400-SHG-10mW-10s,2024-06-19,9,0,laser,400,SHG,10,0.003,10,0.032,40.5,NA,NA,NA,NA,leak,no_cyto_motion
,299,400-SHG-10mW-10s,2024-06-19,9,0,laser,400,SHG,10,0.003,10,0.032,40.5,NA,NA,NA,NA,leak,no_cyto_motion
,300,400-SHG-10mW-10s,2024-06-19,10,0,laser,400,SHG,10,0.003,10,0.032,40.5,NA,NA,NA,NA,leak,no_cyto_motion
,301,400-SHG-10mW-10s,2024-06-19,10,0,laser,400,SHG,10,0.003,10,0.032,40.5,NA,NA,NA,NA,leak,no_cyto_motion
,302,400-SHG-10mW-10s,2024-06-19,10,0,laser,400,SHG,10,0.003,10,0.032,40.5,NA,NA,NA,NA,leak,no_cyto_motion
,303,400-SHG-10mW-10s,2024-06-19,11,0,laser,400,SHG,10,0.003,10,0.032,40.5,NA,NA,NA,NA,leak,no_cyto_motion
,304,400-SHG-10mW-10s,2024-06-19,11,0,laser,400,SHG,10,0.003,10,0.032,40.5,NA,NA,NA,NA,leak,no_cyto_motion
,305,400-SHG-10mW-10s,2024-06-19,11,0,laser,400,SHG,10,0.003,10,0.032,40.5,NA,NA,NA,NA,leak,no_cyto_motion
,306,400-SHG-10mW-10s,2024-06-19,12,0,laser,400,SHG,10,0.003,10,0.032,40.5,NA,NA,NA,NA,leak,no_cyto_motion
,307,400-SHG-10mW-10s,2024-06-19,12,0,laser,400,SHG,10,0.003,10,0.032,40.5,NA,NA,NA,NA,leak,no_cyto_motion
,308,400-SHG-10mW-10s,2024-06-19,12,0,laser,400,SHG,10,0.003,10,0.032,40.5,NA,NA,NA,NA,leak,no_cyto_motion
,309,400-SHG-10mW-10s,2024-06-19,12,0,laser,400,SHG,10,0.003,10,0.032,40.5,NA,NA,NA,NA,leak,no_cyto_motion
,310,400-SHG-10mW-5s,2024-06-19,1,0,laser,400,SHG,10,0.003,5,0.016,39.5,NA,NA,NA,NA,leak,no_cyto_motion
,311,400-SHG-10mW-5s,2024-06-19,1,0,laser,400,SHG,10,0.003,5,0.016,39.5,NA,NA,NA,NA,arrested,no_cyto_motion
,312,400-SHG-10mW-5s,2024-06-19,1,0,laser,400,SHG,10,0.003,5,0.016,39.5,NA,NA,NA,NA,leak,no_cyto_motion
,313,400-SHG-10mW-5s,2024-06-19,2,0,laser,400,SHG,10,0.003,5,0.016,39.5,NA,NA,NA,NA,leak,no_cyto_motion
,314,400-SHG-10mW-5s,2024-06-19,2,0,laser,400,SHG,10,0.003,5,0.016,39.5,NA,NA,NA,NA,leak,no_cyto_motion
,315,400-SHG-10mW-5s,2024-06-19,2,0,laser,400,SHG,10,0.003,5,0.016,39.5,NA,NA,NA,NA,leak,no_cyto_motion
,316,400-SHG-10mW-5s,2024-06-19,3,0,laser,400,SHG,10,0.003,5,0.016,39.5,NA,NA,NA,NA,leak,no_cyto_motion
,317,400-SHG-10mW-5s,2024-06-19,3,0,laser,400,SHG,10,0.003,5,0.016,39.5,NA,NA,NA,NA,leak,no_cyto_motion
,318,400-SHG-10mW-5s,2024-06-19,3,0,laser,400,SHG,10,0.003,5,0.016,39.5,NA,NA,NA,NA,leak,no_cyto_motion
,319,400-SHG-10mW-5s,2024-06-19,3,0,laser,400,SHG,10,0.003,5,0.016,39.5,NA,NA,NA,NA,arrested,no_cyto_motion
,320,400-SHG-10mW-5s,2024-06-19,4,0,laser,400,SHG,10,0.003,5,0.016,39.5,NA,NA,NA,NA,arrested,no_cyto_motion
,321,400-SHG-10mW-5s,2024-06-19,4,0,laser,400,SHG,10,0.003,5,0.016,39.5,NA,NA,NA,NA,arrested,no_cyto_motion
,322,400-SHG-10mW-5s,2024-06-19,4,0,laser,400,SHG,10,0.003,5,0.016,39.5,NA,NA,NA,NA,arrested,no_cyto_motion
,323,400-SHG-10mW-5s,2024-06-19,5,0,laser,400,SHG,10,0.003,5,0.016,39.5,NA,NA,NA,NA,leak,no_cyto_motion
,324,400-SHG-10mW-5s,2024-06-19,5,0,laser,400,SHG,10,0.003,5,0.016,39.5,NA,NA,NA,NA,leak,no_cyto_motion
,325,400-SHG-10mW-5s,2024-06-19,5,0,laser,400,SHG,10,0.003,5,0.016,39.5,NA,NA,NA,NA,leak,no_cyto_motion
,326,400-SHG-10mW-5s,2024-06-19,6,0,laser,400,SHG,10,0.003,5,0.016,39.5,NA,NA,NA,NA,arrested,no_cyto_motion
,327,400-SHG-10mW-5s,2024-06-19,6,0,laser,400,SHG,10,0.003,5,0.016,39.5,NA,NA,NA,NA,leak,no_cyto_motion
,328,400-SHG-10mW-5s,2024-06-19,6,0,laser,400,SHG,10,0.003,5,0.016,39.5,NA,NA,NA,NA,leak,no_cyto_motion
,329,400-SHG-10mW-5s,2024-06-19,7,0,laser,400,SHG,10,0.003,5,0.016,39.5,NA,NA,NA,NA,leak,no_cyto_motion
,330,400-SHG-10mW-5s,2024-06-19,7,0,laser,400,SHG,10,0.003,5,0.016,39.5,NA,NA,NA,NA,leak,no_cyto_motion
,331,400-SHG-10mW-5s,2024-06-19,7,0,laser,400,SHG,10,0.003,5,0.016,39.5,NA,NA,NA,NA,arrested,no_cyto_motion
,332,400-SHG-10mW-5s,2024-06-19,8,0,laser,400,SHG,10,0.003,5,0.016,39.5,NA,NA,NA,NA,leak,no_cyto_motion
,333,400-SHG-10mW-5s,2024-06-19,8,0,laser,400,SHG,10,0.003,5,0.016,39.5,NA,NA,NA,NA,leak,no_cyto_motion
,334,400-SHG-10mW-5s,2024-06-19,8,0,laser,400,SHG,10,0.003,5,0.016,39.5,NA,NA,NA,NA,leak,no_cyto_motion
,335,400-SHG-10mW-5s,2024-06-19,9,0,laser,400,SHG,10,0.003,5,0.016,39.5,NA,NA,NA,NA,leak,no_cyto_motion
,336,400-SHG-10mW-5s,2024-06-19,9,0,laser,400,SHG,10,0.003,5,0.016,39.5,NA,NA,NA,NA,leak,no_cyto_motion
,337,400-SHG-10mW-5s,2024-06-19,9,0,laser,400,SHG,10,0.003,5,0.016,39.5,NA,NA,NA,NA,arrested,no_cyto_motion
,338,400-SHG-10mW-5s,2024-06-19,10,0,laser,400,SHG,10,0.003,5,0.016,39.5,NA,NA,NA,NA,leak,no_cyto_motion
,339,400-SHG-10mW-5s,2024-06-19,10,0,laser,400,SHG,10,0.003,5,0.016,39.5,NA,NA,NA,NA,leak,no_cyto_motion
,340,400-SHG-10mW-5s,2024-06-19,10,0,laser,400,SHG,10,0.003,5,0.016,39.5,NA,NA,NA,NA,leak,no_cyto_motion
,341,400-SHG-10mW-5s,2024-06-19,11,0,laser,400,SHG,10,0.003,5,0.016,39.5,NA,NA,NA,NA,arrested,no_cyto_motion
,342,400-SHG-10mW-5s,2024-06-19,11,0,laser,400,SHG,10,0.003,5,0.016,39.5,NA,NA,NA,NA,arrested,no_cyto_motion
,343,400-SHG-10mW-5s,2024-06-19,11,0,laser,400,SHG,10,0.003,5,0.016,39.5,NA,NA,NA,NA,leak,no_cyto_motion
,344,400-SHG-10mW-5s,2024-06-19,12,0,laser,400,SHG,10,0.003,5,0.016,39.5,NA,NA,NA,NA,leak,no_cyto_motion
,345,400-SHG-10mW-5s,2024-06-19,12,0,laser,400,SHG,10,0.003,5,0.016,39.5,NA,NA,NA,NA,leak,no_cyto_motion
,346,400-SHG-10mW-5s,2024-06-19,12,0,laser,400,SHG,10,0.003,5,0.016,39.5,NA,NA,NA,NA,leak,no_cyto_motion
,347,400-SHG-10mW-2s,2024-06-19,1,0,laser,400,SHG,10,0.003,2,0.006,38.5,248,NA,NA,NA,arrested,cyto_motion
,348,400-SHG-10mW-2s,2024-06-19,1,0,laser,400,SHG,10,0.003,2,0.006,38.5,107,152,291,322,L3_reached,cyto_motion
,349,400-SHG-10mW-2s,2024-06-19,1,0,laser,400,SHG,10,0.003,2,0.006,38.5,NA,NA,NA,NA,arrested,cyto_motion
,350,400-SHG-10mW-2s,2024-06-19,2,0,laser,400,SHG,10,0.003,2,0.006,38.5,67,88,219,260,degenerated,cyto_motion
,351,400-SHG-10mW-2s,2024-06-19,2,0,laser,400,SHG,10,0.003,2,0.006,38.5,100,129,272,300,L3_reached,cyto_motion
,352,400-SHG-10mW-2s,2024-06-19,2,0,laser,400,SHG,10,0.003,2,0.006,38.5,76,99,219,246,L3_reached,cyto_motion
,353,400-SHG-10mW-2s,2024-06-19,3,0,laser,400,SHG,10,0.003,2,0.006,38.5,295,349,514,547,L3_reached,cyto_motion
,354,400-SHG-10mW-2s,2024-06-19,3,0,laser,400,SHG,10,0.003,2,0.006,38.5,NA,NA,NA,NA,leak,cyto_motion
,355,400-SHG-10mW-2s,2024-06-19,3,0,laser,400,SHG,10,0.003,2,0.006,38.5,NA,NA,NA,NA,leak,no_cyto_motion
,356,400-SHG-10mW-2s,2024-06-19,4,0,laser,400,SHG,10,0.003,2,0.006,38.5,150,193,400,450,L3_reached,cyto_motion
,357,400-SHG-10mW-2s,2024-06-19,4,0,laser,400,SHG,10,0.003,2,0.006,38.5,121,167,311,360,L3_reached,cyto_motion
,358,400-SHG-10mW-2s,2024-06-19,4,0,laser,400,SHG,10,0.003,2,0.006,38.5,93,115,231,255,L3_reached,cyto_motion
,359,400-SHG-10mW-2s,2024-06-19,5,0,laser,400,SHG,10,0.003,2,0.006,38.5,100,128,301,332,L3_reached,cyto_motion
,360,400-SHG-10mW-2s,2024-06-19,5,0,laser,400,SHG,10,0.003,2,0.006,38.5,NA,NA,NA,NA,arrested,cyto_motion
,361,400-SHG-10mW-2s,2024-06-19,5,0,laser,400,SHG,10,0.003,2,0.006,38.5,NA,NA,NA,NA,arrested,cyto_motion
,362,400-SHG-10mW-2s,2024-06-19,6,0,laser,400,SHG,10,0.003,2,0.006,38.5,117,154,305,313,L3_reached,cyto_motion
,363,400-SHG-10mW-2s,2024-06-19,6,0,laser,400,SHG,10,0.003,2,0.006,38.5,71,89,199,238,L3_reached,cyto_motion
,364,400-SHG-10mW-2s,2024-06-19,6,0,laser,400,SHG,10,0.003,2,0.006,38.5,89,109,224,259,L3_reached,cyto_motion
,365,400-SHG-10mW-2s,2024-06-19,7,0,laser,400,SHG,10,0.003,2,0.006,38.5,NA,NA,NA,NA,arrested,cyto_motion
,366,400-SHG-10mW-2s,2024-06-19,7,0,laser,400,SHG,10,0.003,2,0.006,38.5,158,NA,NA,NA,arrested,cyto_motion
,367,400-SHG-10mW-2s,2024-06-19,7,0,laser,400,SHG,10,0.003,2,0.006,38.5,171,219,457,496,L3_reached,cyto_motion
,368,400-SHG-10mW-2s,2024-06-19,8,0,laser,400,SHG,10,0.003,2,0.006,38.5,297,468,NA,NA,arrested,cyto_motion
,369,400-SHG-10mW-2s,2024-06-19,8,0,laser,400,SHG,10,0.003,2,0.006,38.5,85,104,223,253,L3_reached,cyto_motion
,370,400-SHG-10mW-2s,2024-06-19,8,0,laser,400,SHG,10,0.003,2,0.006,38.5,NA,NA,NA,NA,arrested,cyto_motion
,371,400-SHG-10mW-2s,2024-06-19,9,0,laser,400,SHG,10,0.003,2,0.006,38.5,145,NA,NA,NA,arrested,cyto_motion
,372,400-SHG-10mW-2s,2024-06-19,9,0,laser,400,SHG,10,0.003,2,0.006,38.5,NA,NA,NA,NA,arrested,cyto_motion
,373,400-SHG-10mW-2s,2024-06-19,9,0,laser,400,SHG,10,0.003,2,0.006,38.5,82,100,204,,L3_reached,cyto_motion
,374,400-SHG-10mW-2s,2024-06-19,10,0,laser,400,SHG,10,0.003,2,0.006,38.5,NA,NA,NA,NA,arrested,cyto_motion
,375,400-SHG-10mW-2s,2024-06-19,10,0,laser,400,SHG,10,0.003,2,0.006,38.5,185,245,427,463,L3_reached,cyto_motion
,376,400-SHG-10mW-2s,2024-06-19,10,0,laser,400,SHG,10,0.003,2,0.006,38.5,NA,NA,NA,NA,arrested,cyto_motion
,377,400-SHG-10mW-2s,2024-06-19,11,0,laser,400,SHG,10,0.003,2,0.006,38.5,NA,NA,NA,NA,arrested,cyto_motion
,378,400-SHG-10mW-2s,2024-06-19,11,0,laser,400,SHG,10,0.003,2,0.006,38.5,84,100,228,260,L3_reached,cyto_motion
,379,400-SHG-10mW-2s,2024-06-19,11,0,laser,400,SHG,10,0.003,2,0.006,38.5,NA,NA,NA,NA,arrested,cyto_motion
,380,400-SHG-10mW-2s,2024-06-19,12,0,laser,400,SHG,10,0.003,2,0.006,38.5,NA,NA,NA,NA,arrested,cyto_motion
,381,400-SHG-10mW-2s,2024-06-19,12,0,laser,400,SHG,10,0.003,2,0.006,38.5,NA,NA,NA,NA,arrested,cyto_motion
,382,400-SHG-10mW-2s,2024-06-19,12,0,laser,400,SHG,10,0.003,2,0.006,38.5,160,234,458,493,L3_reached,cyto_motion
,383,400-pulsed-40mW-control,2024-03-04,1,1,NA,NA,NA,NA,NA,NA,NA,13.5,45,63,166,186,L3_reached,cyto_motion
,384,400-pulsed-40mW-control,2024-03-04,1,1,NA,NA,NA,NA,NA,NA,NA,13.5,43,61,170,192,L3_reached,cyto_motion
,385,400-pulsed-40mW-control,2024-03-04,2,1,NA,NA,NA,NA,NA,NA,NA,13.5,44,60,170,190,L3_reached,cyto_motion
,386,400-pulsed-40mW-control,2024-03-04,2,1,NA,NA,NA,NA,NA,NA,NA,13.5,51,66,168,189,L3_reached,cyto_motion
,387,400-pulsed-40mW-control,2024-03-04,2,1,NA,NA,NA,NA,NA,NA,NA,13.5,52,68,172,197,L3_reached,cyto_motion
,388,400-pulsed-40mW-control,2024-03-04,3,1,NA,NA,NA,NA,NA,NA,NA,13.5,37,66,NA,NA,degenerated,cyto_motion
,389,400-pulsed-40mW-control,2024-03-04,3,1,NA,NA,NA,NA,NA,NA,NA,13.5,40,49,176,197,L3_reached,cyto_motion
,390,400-pulsed-40mW-control,2024-03-04,3,1,NA,NA,NA,NA,NA,NA,NA,13.5,42,61,176,183,L3_reached,cyto_motion
,391,400-pulsed-40mW-control,2024-03-04,4,1,NA,NA,NA,NA,NA,NA,NA,13.5,48,69,170,206,L3_reached,cyto_motion
,392,400-pulsed-40mW-control,2024-03-04,4,1,NA,NA,NA,NA,NA,NA,NA,13.5,61,79,170,206,L3_reached,cyto_motion
,393,400-pulsed-40mW-control,2024-03-04,4,1,NA,NA,NA,NA,NA,NA,NA,13.5,86,159,NA,NA,degenerated,cyto_motion
,394,400-pulsed-40mW-control,2024-03-04,5,1,NA,NA,NA,NA,NA,NA,NA,13.5,46,62,169,183,L3_reached,cyto_motion
,395,400-pulsed-40mW-control,2024-03-04,5,1,NA,NA,NA,NA,NA,NA,NA,13.5,42,57,175,200,L3_reached,cyto_motion
,396,400-pulsed-40mW-control,2024-03-04,6,1,NA,NA,NA,NA,NA,NA,NA,13.5,35,55,160,182,L3_reached,cyto_motion
,397,400-pulsed-40mW-control,2024-03-04,6,1,NA,NA,NA,NA,NA,NA,NA,13.5,54,71,165,183,L3_reached,cyto_motion
,398,400-pulsed-40mW-control,2024-03-04,6,1,NA,NA,NA,NA,NA,NA,NA,13.5,54,70,185,206,L3_reached,cyto_motion
,399,400-pulsed-40mW-control,2024-03-04,7,1,NA,NA,NA,NA,NA,NA,NA,13.5,46,62,165,198,L3_reached,cyto_motion
,400,400-pulsed-40mW-control,2024-03-04,7,1,NA,NA,NA,NA,NA,NA,NA,13.5,42,58,159,175,L3_reached,cyto_motion
,401,400-pulsed-40mW-control,2024-03-04,8,1,NA,NA,NA,NA,NA,NA,NA,13.5,48,65,170,190,L3_reached,cyto_motion
,402,400-pulsed-40mW-control,2024-03-04,8,1,NA,NA,NA,NA,NA,NA,NA,13.5,42,56,150,170,L3_reached,cyto_motion
,403,400-pulsed-40mW-control,2024-03-04,9,1,NA,NA,NA,NA,NA,NA,NA,13.5,50,67,152,175,L3_reached,cyto_motion
,404,400-pulsed-40mW-control,2024-03-04,9,1,NA,NA,NA,NA,NA,NA,NA,13.5,44,70,172,191,L3_reached,cyto_motion
,405,400-pulsed-40mW-control,2024-03-04,9,1,NA,NA,NA,NA,NA,NA,NA,13.5,39,56,172,185,L3_reached,cyto_motion
,406,400-pulsed-40mW-control,2024-03-04,9,1,NA,NA,NA,NA,NA,NA,NA,13.5,34,47,152,173,L3_reached,cyto_motion
,407,400-pulsed-40mW-control,2024-03-04,9,1,NA,NA,NA,NA,NA,NA,NA,13.5,39,53,160,178,L3_reached,cyto_motion
,408,400-pulsed-40mW-control,2024-03-04,9,1,NA,NA,NA,NA,NA,NA,NA,13.5,40,52,135,170,L3_reached,cyto_motion
,409,400-pulsed-40mW-control,2024-03-04,10,1,NA,NA,NA,NA,NA,NA,NA,13.5,36,52,170,190,L3_reached,cyto_motion
,410,400-pulsed-40mW-control,2024-03-04,10,1,NA,NA,NA,NA,NA,NA,NA,13.5,42,57,163,186,L3_reached,cyto_motion
,411,400-pulsed-40mW-control,2024-03-04,10,1,NA,NA,NA,NA,NA,NA,NA,13.5,57,63,150,195,L3_reached,cyto_motion
,412,400-pulsed-40mW-control,2024-03-04,10,1,NA,NA,NA,NA,NA,NA,NA,13.5,42,82,205,230,L3_reached,cyto_motion
,413,400-pulsed-40mW-control,2024-03-04,11,1,NA,NA,NA,NA,NA,NA,NA,13.5,48,64,174,198,L3_reached,cyto_motion
,414,400-pulsed-40mW-control,2024-03-04,11,1,NA,NA,NA,NA,NA,NA,NA,13.5,54,73,193,213,L3_reached,cyto_motion
,415,400-pulsed-40mW-control,2024-03-04,11,1,NA,NA,NA,NA,NA,NA,NA,13.5,40,63,173,195,L3_reached,cyto_motion
,416,400-pulsed-40mW-control,2024-03-04,12,1,NA,NA,NA,NA,NA,NA,NA,13.5,45,67,170,199,L3_reached,cyto_motion
,417,400-pulsed-40mW-control,2024-03-04,12,1,NA,NA,NA,NA,NA,NA,NA,13.5,47,64,170,185,L3_reached,cyto_motion
,418,400-pulsed-40mW-control,2024-03-04,12,1,NA,NA,NA,NA,NA,NA,NA,13.5,47,63,170,200,L3_reached,cyto_motion
,419,400-pulsed-40mW-control,2024-03-04,12,1,NA,NA,NA,NA,NA,NA,NA,13.5,44,60,185,207,L3_reached,cyto_motion
,420,400-pulsed-40mW-control,2024-03-20,1,1,NA,NA,NA,NA,NA,NA,NA,5.5,38,54,163,182,L3_reached,cyto_motion
,421,400-pulsed-40mW-control,2024-03-20,1,1,NA,NA,NA,NA,NA,NA,NA,5.5,17,31,150,177,L3_reached,cyto_motion
,422,400-pulsed-40mW-control,2024-03-20,2,1,NA,NA,NA,NA,NA,NA,NA,5.5,30,43,150,169,L3_reached,cyto_motion
,423,400-pulsed-40mW-control,2024-03-20,2,1,NA,NA,NA,NA,NA,NA,NA,5.5,20,32,134,152,L3_reached,cyto_motion
,424,400-pulsed-40mW-control,2024-03-20,3,1,NA,NA,NA,NA,NA,NA,NA,5.5,25,38,142,160,L3_reached,cyto_motion
,425,400-pulsed-40mW-control,2024-03-20,3,1,NA,NA,NA,NA,NA,NA,NA,5.5,26,39,145,170,L3_reached,cyto_motion
,426,400-pulsed-40mW-control,2024-03-20,4,1,NA,NA,NA,NA,NA,NA,NA,5.5,16,31,162,189,L3_reached,cyto_motion
,427,400-pulsed-40mW-control,2024-03-20,4,1,NA,NA,NA,NA,NA,NA,NA,5.5,32,47,162,185,L3_reached,cyto_motion
,428,400-pulsed-40mW-control,2024-03-20,5,1,NA,NA,NA,NA,NA,NA,NA,5.5,26,41,168,195,L3_reached,cyto_motion
,429,400-pulsed-40mW-control,2024-03-20,5,1,NA,NA,NA,NA,NA,NA,NA,5.5,37,53,168,189,L3_reached,cyto_motion
,430,400-pulsed-40mW-control,2024-03-20,6,1,NA,NA,NA,NA,NA,NA,NA,5.5,38,52,162,190,L3_reached,cyto_motion
,431,400-pulsed-40mW-control,2024-03-20,6,1,NA,NA,NA,NA,NA,NA,NA,5.5,25,37,162,182,L3_reached,cyto_motion
,432,400-pulsed-40mW-control,2024-03-20,7,1,NA,NA,NA,NA,NA,NA,NA,5.5,25,37,130,148,L3_reached,cyto_motion
,433,400-pulsed-40mW-control,2024-03-20,7,1,NA,NA,NA,NA,NA,NA,NA,5.5,20,37,130,165,L3_reached,cyto_motion
,434,400-pulsed-40mW-control,2024-03-20,8,1,NA,NA,NA,NA,NA,NA,NA,5.5,31,44,140,164,L3_reached,cyto_motion
,435,400-pulsed-40mW-control,2024-03-20,8,1,NA,NA,NA,NA,NA,NA,NA,5.5,31,47,155,176,L3_reached,cyto_motion
,436,400-pulsed-40mW-control,2024-03-20,9,1,NA,NA,NA,NA,NA,NA,NA,5.5,29,41,150,182,L3_reached,cyto_motion
,437,400-pulsed-40mW-control,2024-03-20,9,1,NA,NA,NA,NA,NA,NA,NA,5.5,35,51,162,183,L3_reached,cyto_motion
,438,400-pulsed-40mW-control,2024-03-20,10,1,NA,NA,NA,NA,NA,NA,NA,5.5,23,37,151,179,L3_reached,cyto_motion
,439,400-pulsed-40mW-control,2024-03-20,10,1,NA,NA,NA,NA,NA,NA,NA,5.5,24,37,151,171,L3_reached,cyto_motion
,440,400-pulsed-40mW-control,2024-03-20,11,1,NA,NA,NA,NA,NA,NA,NA,5.5,13,26,127,146,L3_reached,cyto_motion
,441,400-pulsed-40mW-control,2024-03-20,11,1,NA,NA,NA,NA,NA,NA,NA,5.5,24,39,135,162,L3_reached,cyto_motion
,442,400-pulsed-40mW-control,2024-03-20,12,1,NA,NA,NA,NA,NA,NA,NA,5.5,6,14,120,144,L3_reached,cyto_motion
,443,400-pulsed-40mW-control,2024-03-20,12,1,NA,NA,NA,NA,NA,NA,NA,5.5,28,41,145,167,L3_reached,cyto_motion
,444,400-pulsed-10mW-control,2024-06-19,1,1,NA,NA,NA,NA,NA,NA,NA,17.5,37,49,185,220,L3_reached,cyto_motion
,445,400-pulsed-10mW-control,2024-06-19,1,1,NA,NA,NA,NA,NA,NA,NA,17.5,57,80,195,220,L3_reached,cyto_motion
,446,400-pulsed-10mW-control,2024-06-19,1,1,NA,NA,NA,NA,NA,NA,NA,17.5,39,54,159,184,L3_reached,cyto_motion
,447,400-pulsed-10mW-control,2024-06-19,2,1,NA,NA,NA,NA,NA,NA,NA,17.5,42,60,170,202,L3_reached,cyto_motion
,448,400-pulsed-10mW-control,2024-06-19,2,1,NA,NA,NA,NA,NA,NA,NA,17.5,46,63,165,193,L3_reached,cyto_motion
,449,400-pulsed-10mW-control,2024-06-19,2,1,NA,NA,NA,NA,NA,NA,NA,17.5,52,67,176,195,L3_reached,cyto_motion
,450,400-pulsed-10mW-control,2024-06-19,2,1,NA,NA,NA,NA,NA,NA,NA,17.5,39,56,160,185,L3_reached,cyto_motion
,451,400-pulsed-10mW-control,2024-06-19,3,1,NA,NA,NA,NA,NA,NA,NA,17.5,41,57,172,202,L3_reached,cyto_motion
,452,400-pulsed-10mW-control,2024-06-19,3,1,NA,NA,NA,NA,NA,NA,NA,17.5,43,59,190,219,L3_reached,cyto_motion
,453,400-pulsed-10mW-control,2024-06-19,3,1,NA,NA,NA,NA,NA,NA,NA,17.5,43,59,200,NA,degenerated,cyto_motion
,454,400-pulsed-10mW-control,2024-06-19,4,1,NA,NA,NA,NA,NA,NA,NA,17.5,47,66,188,215,L3_reached,cyto_motion
,455,400-pulsed-10mW-control,2024-06-19,4,1,NA,NA,NA,NA,NA,NA,NA,17.5,39,54,155,180,L3_reached,cyto_motion
,456,400-pulsed-10mW-control,2024-06-19,4,1,NA,NA,NA,NA,NA,NA,NA,17.5,64,85,200,232,L3_reached,cyto_motion
,457,400-pulsed-10mW-control,2024-06-19,4,1,NA,NA,NA,NA,NA,NA,NA,17.5,41,54,160,180,L3_reached,cyto_motion
,458,400-pulsed-10mW-control,2024-06-19,5,1,NA,NA,NA,NA,NA,NA,NA,17.5,46,56,160,179,degenerated,cyto_motion
,459,400-pulsed-10mW-control,2024-06-19,5,1,NA,NA,NA,NA,NA,NA,NA,17.5,41,60,153,170,L3_reached,cyto_motion
,460,400-pulsed-10mW-control,2024-06-19,5,1,NA,NA,NA,NA,NA,NA,NA,17.5,44,58,170,190,L3_reached,cyto_motion
,461,400-pulsed-10mW-control,2024-06-19,6,1,NA,NA,NA,NA,NA,NA,NA,17.5,33,50,162,187,L3_reached,cyto_motion
,462,400-pulsed-10mW-control,2024-06-19,6,1,NA,NA,NA,NA,NA,NA,NA,17.5,47,64,162,185,L3_reached,cyto_motion
,463,400-pulsed-10mW-control,2024-06-19,6,1,NA,NA,NA,NA,NA,NA,NA,17.5,46,57,162,182,L3_reached,cyto_motion
,464,400-pulsed-10mW-control,2024-06-19,6,1,NA,NA,NA,NA,NA,NA,NA,17.5,39,61,162,191,L3_reached,cyto_motion
,465,400-pulsed-10mW-control,2024-06-19,7,1,NA,NA,NA,NA,NA,NA,NA,17.5,40,54,150,167,L3_reached,cyto_motion
,466,400-pulsed-10mW-control,2024-06-19,7,1,NA,NA,NA,NA,NA,NA,NA,17.5,35,48,157,178,L3_reached,cyto_motion
,467,400-pulsed-10mW-control,2024-06-19,7,1,NA,NA,NA,NA,NA,NA,NA,17.5,47,76,169,200,L3_reached,cyto_motion
,468,400-pulsed-10mW-control,2024-06-19,9,1,NA,NA,NA,NA,NA,NA,NA,17.5,45,59,170,195,L3_reached,cyto_motion
,469,400-pulsed-10mW-control,2024-06-19,9,1,NA,NA,NA,NA,NA,NA,NA,17.5,35,50,166,192,L3_reached,cyto_motion
,470,400-pulsed-10mW-control,2024-06-19,9,1,NA,NA,NA,NA,NA,NA,NA,17.5,45,62,195,220,L3_reached,cyto_motion
,471,400-pulsed-10mW-control,2024-06-19,10,1,NA,NA,NA,NA,NA,NA,NA,17.5,61,87,193,220,L3_reached,cyto_motion
,472,400-pulsed-10mW-control,2024-06-19,10,1,NA,NA,NA,NA,NA,NA,NA,17.5,54,70,160,185,L3_reached,cyto_motion
,473,400-pulsed-10mW-control,2024-06-19,10,1,NA,NA,NA,NA,NA,NA,NA,17.5,45,60,150,170,L3_reached,cyto_motion
,474,400-pulsed-10mW-control,2024-06-19,11,1,NA,NA,NA,NA,NA,NA,NA,17.5,46,62,152,193,L3_reached,cyto_motion
,475,400-pulsed-10mW-control,2024-06-19,11,1,NA,NA,NA,NA,NA,NA,NA,17.5,46,62,152,173,L3_reached,cyto_motion
,476,400-pulsed-10mW-control,2024-06-19,11,1,NA,NA,NA,NA,NA,NA,NA,17.5,27,39,137,160,L3_reached,cyto_motion
,477,400-pulsed-10mW-control,2024-06-19,12,1,NA,NA,NA,NA,NA,NA,NA,17.5,47,65,172,194,L3_reached,cyto_motion
,478,400-pulsed-10mW-control,2024-06-19,12,1,NA,NA,NA,NA,NA,NA,NA,17.5,41,55,156,180,L3_reached,cyto_motion
,479,400-pulsed-10mW-control,2024-06-19,12,1,NA,NA,NA,NA,NA,NA,NA,17.5,56,70,183,207,L3_reached,cyto_motion
,480,800-cw-330mW-120s,2024-07-17,1,0,laser,800,cw,330,0.105,120,12.600,42.3,78,95,232,NA,degenerated,cyto_motion
,481,800-cw-330mW-120s,2024-07-17,2,0,laser,800,cw,330,0.105,120,12.600,42.3,71,86,185,219,L3_reached,cyto_motion
,482,800-cw-330mW-120s,2024-07-17,3,0,laser,800,cw,330,0.105,120,12.600,42.3,67.2,79.5,175,196.7,L3_reached,cyto_motion
,483,800-cw-330mW-120s,2024-07-17,3,0,laser,800,cw,330,0.105,120,12.600,42.3,97,113.5,225,257,L3_reached,cyto_motion
,484,800-cw-330mW-120s,2024-07-17,4,0,laser,800,cw,330,0.105,120,12.600,42.3,69.2,85,218,246,degenerated,cyto_motion
,485,800-cw-330mW-120s,2024-07-17,4,0,laser,800,cw,330,0.105,120,12.600,42.3,67.6,82,194,228,L3_reached,cyto_motion
,486,800-cw-330mW-120s,2024-07-17,5,0,laser,800,cw,330,0.105,120,12.600,42.3,60,71,164,194,L3_reached,cyto_motion
,487,800-cw-330mW-120s,2024-07-17,6,0,laser,800,cw,330,0.105,120,12.600,42.3,70,86,200,233,L3_reached,cyto_motion
,488,800-cw-330mW-120s,2024-07-17,7,0,laser,800,cw,330,0.105,120,12.600,42.3,72,88.6,197,224,L3_reached,cyto_motion
,489,800-cw-330mW-120s,2024-07-17,8,0,laser,800,cw,330,0.105,120,12.600,42.3,62,77.3,181,205,L3_reached,cyto_motion
,490,800-cw-330mW-120s,2024-07-17,8,0,laser,800,cw,330,0.105,120,12.600,42.3,75.2,91.7,207,239,L3_reached,cyto_motion
,491,800-cw-330mW-120s,2024-07-17,9,0,laser,800,cw,330,0.105,120,12.600,42.3,63.1,75.1,164,189.5,L3_reached,cyto_motion
,492,800-cw-330mW-120s,2024-07-17,10,0,laser,800,cw,330,0.105,120,12.600,42.3,66.7,85.7,198,224.3,L3_reached,cyto_motion
,493,800-cw-330mW-120s,2024-07-17,11,0,laser,800,cw,330,0.105,120,12.600,42.3,71.3,88.2,184,211,L3_reached,cyto_motion
,494,800-cw-330mW-120s,2024-07-17,12,0,laser,800,cw,330,0.105,120,12.600,42.3,61,75.7,206,245,L3_reached,cyto_motion
,495,800-cw-330mW-60s,2024-07-08,1,0,laser,800,cw,330,0.105,60,6.300,41,65,80,186,212,L3_reached,cyto_motion
,496,800-cw-330mW-60s,2024-07-08,1,0,laser,800,cw,330,0.105,60,6.300,41,65,80,200,NA,degenerated,cyto_motion
,497,800-cw-330mW-60s,2024-07-08,1,0,laser,800,cw,330,0.105,60,6.300,41,76,97,205,225,L3_reached,cyto_motion
,498,800-cw-330mW-60s,2024-07-08,2,0,laser,800,cw,330,0.105,60,6.300,41,81,94,201,220,L3_reached,cyto_motion
,499,800-cw-330mW-60s,2024-07-08,2,0,laser,800,cw,330,0.105,60,6.300,41,64,79,197,220,L3_reached,cyto_motion
,500,800-cw-330mW-60s,2024-07-08,2,0,laser,800,cw,330,0.105,60,6.300,41,58.5,71,170,192,L3_reached,cyto_motion
,501,800-cw-330mW-60s,2024-07-08,3,0,laser,800,cw,330,0.105,60,6.300,41,63,77,195,216,L3_reached,cyto_motion
,502,800-cw-330mW-60s,2024-07-08,3,0,laser,800,cw,330,0.105,60,6.300,41,64.2,77.5,189,213,L3_reached,cyto_motion
,503,800-cw-330mW-60s,2024-07-08,3,0,laser,800,cw,330,0.105,60,6.300,41,64.2,79,189,215,L3_reached,cyto_motion
,504,800-cw-330mW-60s,2024-07-08,4,0,laser,800,cw,330,0.105,60,6.300,41,59.5,76.5,181,208,L3_reached,cyto_motion
,505,800-cw-330mW-60s,2024-07-08,4,0,laser,800,cw,330,0.105,60,6.300,41,64.5,78.8,190,224,L3_reached,cyto_motion
,506,800-cw-330mW-60s,2024-07-08,4,0,laser,800,cw,330,0.105,60,6.300,41,61.5,74.5,172,194,L3_reached,cyto_motion
,507,800-cw-330mW-60s,2024-07-08,5,0,laser,800,cw,330,0.105,60,6.300,41,69.6,85.8,199,221,L3_reached,cyto_motion
,508,800-cw-330mW-60s,2024-07-08,5,0,laser,800,cw,330,0.105,60,6.300,41,70.5,87.7,199,204,L3_reached,cyto_motion
,509,800-cw-330mW-60s,2024-07-08,5,0,laser,800,cw,330,0.105,60,6.300,41,66.3,80,185.6,223,L3_reached,cyto_motion
,510,800-cw-330mW-60s,2024-07-08,5,0,laser,800,cw,330,0.105,60,6.300,41,67.7,82.8,181,208,L3_reached,cyto_motion
,511,800-cw-330mW-60s,2024-07-08,6,0,laser,800,cw,330,0.105,60,6.300,41,59,75.4,190,220,L3_reached,cyto_motion
,512,800-cw-330mW-60s,2024-07-08,6,0,laser,800,cw,330,0.105,60,6.300,41,57.6,72,177,197,L3_reached,cyto_motion
,513,800-cw-330mW-60s,2024-07-08,6,0,laser,800,cw,330,0.105,60,6.300,41,57,68.8,157,182,L3_reached,cyto_motion
,514,800-cw-330mW-60s,2024-07-08,6,0,laser,800,cw,330,0.105,60,6.300,41,64.5,82.7,176.5,203,L3_reached,cyto_motion
,515,800-cw-330mW-60s,2024-07-08,7,0,laser,800,cw,330,0.105,60,6.300,41,72.5,90.2,200,224,L3_reached,cyto_motion
,516,800-cw-330mW-60s,2024-07-08,7,0,laser,800,cw,330,0.105,60,6.300,41,65,78.9,172,195,L3_reached,cyto_motion
,517,800-cw-330mW-60s,2024-07-08,7,0,laser,800,cw,330,0.105,60,6.300,41,67,84.2,187,209,L3_reached,cyto_motion
,518,800-cw-330mW-60s,2024-07-08,8,0,laser,800,cw,330,0.105,60,6.300,41,72.5,87.2,194,216,L3_reached,cyto_motion
,519,800-cw-330mW-60s,2024-07-08,8,0,laser,800,cw,330,0.105,60,6.300,41,58.8,72.5,178,197,L3_reached,cyto_motion
,520,800-cw-330mW-60s,2024-07-08,8,0,laser,800,cw,330,0.105,60,6.300,41,65.3,79.2,199,217,L3_reached,cyto_motion
,521,800-cw-330mW-60s,2024-07-08,9,0,laser,800,cw,330,0.105,60,6.300,41,64.7,79.1,191,217,L3_reached,cyto_motion
,522,800-cw-330mW-60s,2024-07-08,9,0,laser,800,cw,330,0.105,60,6.300,41,71.1,89.3,195,209,L3_reached,cyto_motion
,523,800-cw-330mW-60s,2024-07-08,9,0,laser,800,cw,330,0.105,60,6.300,41,64,78,177,198,L3_reached,cyto_motion
,524,800-cw-330mW-60s,2024-07-08,9,0,laser,800,cw,330,0.105,60,6.300,41,64.4,79.5,209,228,L3_reached,cyto_motion
,525,800-cw-330mW-60s,2024-07-08,10,0,laser,800,cw,330,0.105,60,6.300,41,76.2,94.1,195,215,L3_reached,cyto_motion
,526,800-cw-330mW-60s,2024-07-08,10,0,laser,800,cw,330,0.105,60,6.300,41,66.5,82,189,211,L3_reached,cyto_motion
,527,800-cw-330mW-60s,2024-07-08,10,0,laser,800,cw,330,0.105,60,6.300,41,65.7,83.5,204,230,L3_reached,cyto_motion
,528,800-cw-330mW-60s,2024-07-08,10,0,laser,800,cw,330,0.105,60,6.300,41,74.4,90.2,195,218,L3_reached,cyto_motion
,529,800-cw-330mW-60s,2024-07-08,11,0,laser,800,cw,330,0.105,60,6.300,41,67.2,85,190,218,L3_reached,cyto_motion
,530,800-cw-330mW-60s,2024-07-08,11,0,laser,800,cw,330,0.105,60,6.300,41,66,81.2,200,229,L3_reached,cyto_motion
,531,800-cw-330mW-60s,2024-07-08,11,0,laser,800,cw,330,0.105,60,6.300,41,59.1,73.9,223,260,L3_reached,cyto_motion
,532,800-cw-330mW-30s,2024-07-02,1,0,laser,800,cw,330,0.105,30,3.150,62.5,83.6,95.2,210,230,L3_reached,cyto_motion
,533,800-cw-330mW-30s,2024-07-02,1,0,laser,800,cw,330,0.105,30,3.150,62.5,93.2,109.3,231,252,L3_reached,cyto_motion
,534,800-cw-330mW-30s,2024-07-02,1,0,laser,800,cw,330,0.105,30,3.150,62.5,85.4,97.7,202.8,228,L3_reached,cyto_motion
,535,800-cw-330mW-30s,2024-07-02,2,0,laser,800,cw,330,0.105,30,3.150,62.5,104.6,123.3,235,261.5,L3_reached,cyto_motion
,536,800-cw-330mW-30s,2024-07-02,2,0,laser,800,cw,330,0.105,30,3.150,62.5,85.8,106.6,215,233.5,L3_reached,cyto_motion
,537,800-cw-330mW-30s,2024-07-02,2,0,laser,800,cw,330,0.105,30,3.150,62.5,87.6,103,219,239,L3_reached,cyto_motion
,538,800-cw-330mW-30s,2024-07-02,2,0,laser,800,cw,330,0.105,30,3.150,62.5,89.8,104,219,244,L3_reached,cyto_motion
,539,800-cw-330mW-30s,2024-07-02,3,0,laser,800,cw,330,0.105,30,3.150,62.5,87,103,220,246,L3_reached,cyto_motion
,540,800-cw-330mW-30s,2024-07-02,3,0,laser,800,cw,330,0.105,30,3.150,62.5,87.5,102,199.5,221.2,L3_reached,cyto_motion
,541,800-cw-330mW-30s,2024-07-02,3,0,laser,800,cw,330,0.105,30,3.150,62.5,84.5,99.3,205,232.6,L3_reached,cyto_motion
,542,800-cw-330mW-30s,2024-07-02,4,0,laser,800,cw,330,0.105,30,3.150,62.5,77.1,91,195,218,L3_reached,cyto_motion
,543,800-cw-330mW-30s,2024-07-02,4,0,laser,800,cw,330,0.105,30,3.150,62.5,87.5,100.6,199.7,220,L3_reached,cyto_motion
,544,800-cw-330mW-30s,2024-07-02,4,0,laser,800,cw,330,0.105,30,3.150,62.5,87.5,106,226,254,L3_reached,cyto_motion
,545,800-cw-330mW-30s,2024-07-02,5,0,laser,800,cw,330,0.105,30,3.150,62.5,78.3,93.2,201,233.7,L3_reached,cyto_motion
,546,800-cw-330mW-30s,2024-07-02,5,0,laser,800,cw,330,0.105,30,3.150,62.5,87.7,101.4,201,222.8,L3_reached,cyto_motion
,547,800-cw-330mW-30s,2024-07-02,5,0,laser,800,cw,330,0.105,30,3.150,62.5,NA,NA,NA,NA,arrested,no_cyto_motion
,548,800-cw-330mW-30s,2024-07-02,6,0,laser,800,cw,330,0.105,30,3.150,62.5,103.9,132.1,268,283.7,L3_reached,cyto_motion
,549,800-cw-330mW-30s,2024-07-02,6,0,laser,800,cw,330,0.105,30,3.150,62.5,82.7,104.1,197.6,224.5,L3_reached,cyto_motion
,550,800-cw-330mW-30s,2024-07-02,6,0,laser,800,cw,330,0.105,30,3.150,62.5,93.5,109.7,239,261.3,L3_reached,cyto_motion
,551,800-cw-330mW-30s,2024-07-02,7,0,laser,800,cw,330,0.105,30,3.150,62.5,85.7,103.4,196,214.8,L3_reached,cyto_motion
,552,800-cw-330mW-30s,2024-07-02,7,0,laser,800,cw,330,0.105,30,3.150,62.5,97.6,115.2,223,252,L3_reached,cyto_motion
,553,800-cw-330mW-30s,2024-07-02,7,0,laser,800,cw,330,0.105,30,3.150,62.5,92,106.5,202,226,L3_reached,cyto_motion
,554,800-cw-330mW-30s,2024-07-02,8,0,laser,800,cw,330,0.105,30,3.150,62.5,88.6,102.5,209,228,L3_reached,cyto_motion
,555,800-cw-330mW-30s,2024-07-02,8,0,laser,800,cw,330,0.105,30,3.150,62.5,80.5,96.9,200,225,L3_reached,cyto_motion
,556,800-cw-330mW-30s,2024-07-02,8,0,laser,800,cw,330,0.105,30,3.150,62.5,89.2,104,200,216.9,L3_reached,cyto_motion
,557,800-cw-330mW-30s,2024-07-02,8,0,laser,800,cw,330,0.105,30,3.150,62.5,80.5,94.2,200,218,L3_reached,cyto_motion
,558,800-cw-330mW-30s,2024-07-02,9,0,laser,800,cw,330,0.105,30,3.150,62.5,88.1,100.9,211,234,L3_reached,cyto_motion
,559,800-cw-330mW-30s,2024-07-02,9,0,laser,800,cw,330,0.105,30,3.150,62.5,85.7,103.9,255,280,L3_reached,cyto_motion
,560,800-cw-330mW-30s,2024-07-02,9,0,laser,800,cw,330,0.105,30,3.150,62.5,84.1,97.8,211,230,L3_reached,cyto_motion
,561,800-cw-330mW-30s,2024-07-02,9,0,laser,800,cw,330,0.105,30,3.150,62.5,90.4,104.7,213,237,L3_reached,cyto_motion
,562,800-cw-330mW-30s,2024-07-02,10,0,laser,800,cw,330,0.105,30,3.150,62.5,87.9,105.7,222,250,L3_reached,cyto_motion
,563,800-cw-330mW-30s,2024-07-02,10,0,laser,800,cw,330,0.105,30,3.150,62.5,89.6,105.7,197.7,224,L3_reached,cyto_motion
,564,800-cw-330mW-30s,2024-07-02,10,0,laser,800,cw,330,0.105,30,3.150,62.5,109.2,127.5,235,259,L3_reached,cyto_motion
,565,800-cw-330mW-30s,2024-07-02,11,0,laser,800,cw,330,0.105,30,3.150,62.5,86.6,101.6,228,260,degenerated,cyto_motion
,566,800-cw-330mW-30s,2024-07-02,11,0,laser,800,cw,330,0.105,30,3.150,62.5,93.4,109.7,228,253,L3_reached,cyto_motion
,567,800-cw-330mW-30s,2024-07-02,11,0,laser,800,cw,330,0.105,30,3.150,62.5,94,110,228,252,L3_reached,cyto_motion
,568,800-cw-330mW-30s,2024-07-02,12,0,laser,800,cw,330,0.105,30,3.150,62.5,90,108,201,227,L3_reached,cyto_motion
,569,800-cw-330mW-30s,2024-07-02,12,0,laser,800,cw,330,0.105,30,3.150,62.5,102.5,121,230,254,L3_reached,cyto_motion
,570,800-cw-330mW-30s,2024-07-02,12,0,laser,800,cw,330,0.105,30,3.150,62.5,89.2,104,198,217,L3_reached,cyto_motion
,571,800-pulsed-330mW-120s,2024-07-17,1,0,laser,800,pulsed,330,0.105,120,12.600,40.7,73.3,90.9,230,256,L3_reached,cyto_motion
,572,800-pulsed-330mW-120s,2024-07-17,1,0,laser,800,pulsed,330,0.105,120,12.600,40.7,77,96.1,270,304,L3_reached,cyto_motion
,573,800-pulsed-330mW-120s,2024-07-17,1,0,laser,800,pulsed,330,0.105,120,12.600,40.7,78,93.2,209,237,L3_reached,cyto_motion
,574,800-pulsed-330mW-120s,2024-07-17,2,0,laser,800,pulsed,330,0.105,120,12.600,40.7,68.1,93.4,226,259,L3_reached,cyto_motion
,575,800-pulsed-330mW-120s,2024-07-17,2,0,laser,800,pulsed,330,0.105,120,12.600,40.7,68.5,85,234,257,L3_reached,cyto_motion
,576,800-pulsed-330mW-120s,2024-07-17,2,0,laser,800,pulsed,330,0.105,120,12.600,40.7,72.7,87.4,204,232,L3_reached,cyto_motion
,577,800-pulsed-330mW-120s,2024-07-17,3,0,laser,800,pulsed,330,0.105,120,12.600,40.7,65.2,79.7,208,228,L3_reached,cyto_motion
,578,800-pulsed-330mW-120s,2024-07-17,3,0,laser,800,pulsed,330,0.105,120,12.600,40.7,89.9,114.7,255,282,L3_reached,cyto_motion
,579,800-pulsed-330mW-120s,2024-07-17,3,0,laser,800,pulsed,330,0.105,120,12.600,40.7,72,92.6,270,299,L3_reached,cyto_motion
,580,800-pulsed-330mW-120s,2024-07-17,4,0,laser,800,pulsed,330,0.105,120,12.600,40.7,72.6,88.4,193,212,L3_reached,cyto_motion
,581,800-pulsed-330mW-120s,2024-07-17,4,0,laser,800,pulsed,330,0.105,120,12.600,40.7,71.5,87.3,197,222,L3_reached,cyto_motion
,582,800-pulsed-330mW-120s,2024-07-17,4,0,laser,800,pulsed,330,0.105,120,12.600,40.7,70,88.2,290,324,L3_reached,cyto_motion
,583,800-pulsed-330mW-120s,2024-07-17,5,0,laser,800,pulsed,330,0.105,120,12.600,40.7,67,81.3,185.3,211.2,L3_reached,cyto_motion
,584,800-pulsed-330mW-120s,2024-07-17,5,0,laser,800,pulsed,330,0.105,120,12.600,40.7,82.5,98.3,211.3,243,L3_reached,cyto_motion
,585,800-pulsed-330mW-120s,2024-07-17,5,0,laser,800,pulsed,330,0.105,120,12.600,40.7,74.3,91.1,228,258,degenerated,cyto_motion
,586,800-pulsed-330mW-120s,2024-07-17,6,0,laser,800,pulsed,330,0.105,120,12.6,40.7,78.1,97.6,232,256.6,L3_reached,cyto_motion
,587,800-pulsed-330mW-120s,2024-07-17,6,0,laser,800,pulsed,330,0.105,120,12.6,40.7,80.8,105.3,262,309.5,L3_reached,cyto_motion
,588,800-pulsed-330mW-120s,2024-07-17,6,0,laser,800,pulsed,330,0.105,120,12.6,40.7,71.3,87.4,205.6,232,L3_reached,cyto_motion
,589,800-pulsed-330mW-120s,2024-07-17,7,0,laser,800,pulsed,330,0.105,120,12.6,40.7,79,97.6,234.3,257.4,L3_reached,cyto_motion
,590,800-pulsed-330mW-120s,2024-07-17,7,0,laser,800,pulsed,330,0.105,120,12.6,40.7,66.2,79.8,190,214.6,L3_reached,cyto_motion
,591,800-pulsed-330mW-120s,2024-07-17,7,0,laser,800,pulsed,330,0.105,120,12.6,40.7,55.2,73.1,166.1,186.8,L3_reached,cyto_motion
,592,800-pulsed-330mW-120s,2024-07-17,8,0,laser,800,pulsed,330,0.105,120,12.6,40.7,67.9,83.1,204.3,223.8,L3_reached,cyto_motion
,593,800-pulsed-330mW-120s,2024-07-17,8,0,laser,800,pulsed,330,0.105,120,12.6,40.7,75.5,93.4,216.4,229.3,L3_reached,cyto_motion
,594,800-pulsed-330mW-120s,2024-07-17,8,0,laser,800,pulsed,330,0.105,120,12.6,40.7,72.2,87.4,207,239.8,L3_reached,cyto_motion
,595,800-pulsed-330mW-120s,2024-07-17,9,0,laser,800,pulsed,330,0.105,120,12.6,40.7,67.1,81.5,183.9,216.5,L3_reached,cyto_motion
,596,800-pulsed-330mW-120s,2024-07-17,9,0,laser,800,pulsed,330,0.105,120,12.6,40.7,82.3,98.7,225.5,280.5,L3_reached,cyto_motion
,597,800-pulsed-330mW-120s,2024-07-17,9,0,laser,800,pulsed,330,0.105,120,12.6,40.7,71.4,92,227,249.7,L3_reached,cyto_motion
,598,800-pulsed-330mW-120s,2024-07-17,10,0,laser,800,pulsed,330,0.105,120,12.6,40.7,72.2,88.3,203,232.9,L3_reached,cyto_motion
,599,800-pulsed-330mW-120s,2024-07-17,10,0,laser,800,pulsed,330,0.105,120,12.6,40.7,74.5,92.6,209.7,240.1,L3_reached,cyto_motion
,600,800-pulsed-330mW-120s,2024-07-17,10,0,laser,800,pulsed,330,0.105,120,12.6,40.7,74.6,94.3,200.4,230.5,L3_reached,cyto_motion
,601,800-pulsed-330mW-120s,2024-07-17,11,0,laser,800,pulsed,330,0.105,120,12.6,40.7,71.4,84.4,207.4,234.5,L3_reached,cyto_motion
,602,800-pulsed-330mW-120s,2024-07-17,11,0,laser,800,pulsed,330,0.105,120,12.6,40.7,77.8,96.8,209.7,243,L3_reached,cyto_motion
,603,800-pulsed-330mW-120s,2024-07-17,11,0,laser,800,pulsed,330,0.105,120,12.6,40.7,72.2,92.7,239.5,270.1,L3_reached,cyto_motion
,604,800-pulsed-330mW-120s,2024-07-17,12,0,laser,800,pulsed,330,0.105,120,12.6,40.7,85.7,101,197.7,216.4,L3_reached,cyto_motion
,605,800-pulsed-330mW-120s,2024-07-17,12,0,laser,800,pulsed,330,0.105,120,12.6,40.7,84.1,103.4,254,286.4,L3_reached,cyto_motion
,606,800-pulsed-330mW-120s,2024-07-17,12,0,laser,800,pulsed,330,0.105,120,12.6,40.7,73.1,86.6,227,252.4,L3_reached,cyto_motion
,607,800-pulsed-330mW-60s,2024-07-08,1,0,laser,800,pulsed,330,0.105,60,6.3,39.8,75.3,92.2,196.1,217.2,L3_reached,cyto_motion
,608,800-pulsed-330mW-60s,2024-07-08,1,0,laser,800,pulsed,330,0.105,60,6.3,39.8,67.1,84.3,197.4,224.8,L3_reached,cyto_motion
,609,800-pulsed-330mW-60s,2024-07-08,1,0,laser,800,pulsed,330,0.105,60,6.3,39.8,71.4,91.5,202.6,224.4,L3_reached,cyto_motion
,610,800-pulsed-330mW-60s,2024-07-08,1,0,laser,800,pulsed,330,0.105,60,6.3,39.8,67.5,85.7,209.8,233.6,L3_reached,cyto_motion
,611,800-pulsed-330mW-60s,2024-07-08,2,0,laser,800,pulsed,330,0.105,60,6.3,39.8,98.4,119.7,269.9,292.4,L3_reached,cyto_motion
,612,800-pulsed-330mW-60s,2024-07-08,2,0,laser,800,pulsed,330,0.105,60,6.3,39.8,77.9,98.6,252.4,280.9,L3_reached,cyto_motion
,613,800-pulsed-330mW-60s,2024-07-08,2,0,laser,800,pulsed,330,0.105,60,6.3,39.8,71.4,88.3,182.9,209.3,L3_reached,cyto_motion
,614,800-pulsed-330mW-60s,2024-07-08,3,0,laser,800,pulsed,330,0.105,60,6.3,39.8,77.9,93.5,211.4,237,L3_reached,cyto_motion
,615,800-pulsed-330mW-60s,2024-07-08,3,0,laser,800,pulsed,330,0.105,60,6.3,39.8,73.5,89.5,181.7,244.6,L3_reached,cyto_motion
,616,800-pulsed-330mW-60s,2024-07-08,3,0,laser,800,pulsed,330,0.105,60,6.3,39.8,68.8,86.5,193.5,220.5,L3_reached,cyto_motion
,617,800-pulsed-330mW-60s,2024-07-08,4,0,laser,800,pulsed,330,0.105,60,6.3,39.8,76.5,90.9,176.4,214.4,L3_reached,cyto_motion
,618,800-pulsed-330mW-60s,2024-07-08,4,0,laser,800,pulsed,330,0.105,60,6.3,39.8,92.2,120.7,278.1,310.7,L3_reached,cyto_motion
,619,800-pulsed-330mW-60s,2024-07-08,4,0,laser,800,pulsed,330,0.105,60,6.3,39.8,81.8,103.5,215.4,253.4,L3_reached,cyto_motion
,620,800-pulsed-330mW-60s,2024-07-08,4,0,laser,800,pulsed,330,0.105,60,6.3,39.8,84.3,104,246.4,284.6,L3_reached,cyto_motion
,621,800-pulsed-330mW-60s,2024-07-08,5,0,laser,800,pulsed,330,0.105,60,6.3,39.8,80.4,98.8,NA,NA,degenerated,cyto_motion
,622,800-pulsed-330mW-60s,2024-07-08,5,0,laser,800,pulsed,330,0.105,60,6.3,39.8,72.7,88.3,251.2,271,L3_reached,cyto_motion
,623,800-pulsed-330mW-60s,2024-07-08,5,0,laser,800,pulsed,330,0.105,60,6.3,39.8,76.2,96,205.3,232.7,L3_reached,cyto_motion
,624,800-pulsed-330mW-60s,2024-07-08,6,0,laser,800,pulsed,330,0.105,60,6.3,39.8,76.6,103,240.6,273.6,L3_reached,cyto_motion
,625,800-pulsed-330mW-60s,2024-07-08,6,0,laser,800,pulsed,330,0.105,60,6.3,39.8,74,92.2,214.6,239.1,L3_reached,cyto_motion
,626,800-pulsed-330mW-60s,2024-07-08,6,0,laser,800,pulsed,330,0.105,60,6.3,39.8,81.8,98.5,282.2,310.1,L3_reached,cyto_motion
,627,800-pulsed-330mW-60s,2024-07-08,7,0,laser,800,pulsed,330,0.105,60,6.3,39.8,75.4,94.1,238.2,255.6,L3_reached,cyto_motion
,628,800-pulsed-330mW-60s,2024-07-08,7,0,laser,800,pulsed,330,0.105,60,6.3,39.8,74,89.7,232.5,261.2,L3_reached,cyto_motion
,629,800-pulsed-330mW-60s,2024-07-08,7,0,laser,800,pulsed,330,0.105,60,6.3,39.8,72.7,89.5,220.9,245.1,L3_reached,cyto_motion
,630,800-pulsed-330mW-60s,2024-07-08,9,0,laser,800,pulsed,330,0.105,60,6.3,39.8,65.4,80.4,180.4,214.1,L3_reached,cyto_motion
,631,800-pulsed-330mW-60s,2024-07-08,9,0,laser,800,pulsed,330,0.105,60,6.3,39.8,67.5,81.7,182.9,205.7,L3_reached,cyto_motion
,632,800-pulsed-330mW-60s,2024-07-08,9,0,laser,800,pulsed,330,0.105,60,6.3,39.8,66.3,80.6,184.3,NA,degenerated,cyto_motion
,633,800-pulsed-330mW-60s,2024-07-08,10,0,laser,800,pulsed,330,0.105,60,6.3,39.8,83.1,114.7,261.7,284.3,L3_reached,cyto_motion
,634,800-pulsed-330mW-60s,2024-07-08,10,0,laser,800,pulsed,330,0.105,60,6.3,39.8,97,124.7,291.3,316.3,L3_reached,cyto_motion
,635,800-pulsed-330mW-60s,2024-07-08,10,0,laser,800,pulsed,330,0.105,60,6.3,39.8,76.7,100.1,244.6,275.4,L3_reached,cyto_motion
,636,800-pulsed-330mW-60s,2024-07-08,11,0,laser,800,pulsed,330,0.105,60,6.3,39.8,69.5,88.3,250.5,274.4,L3_reached,cyto_motion
,637,800-pulsed-330mW-60s,2024-07-08,11,0,laser,800,pulsed,330,0.105,60,6.3,39.8,76.6,95.2,197.4,233.1,L3_reached,cyto_motion
,638,800-pulsed-330mW-60s,2024-07-08,11,0,laser,800,pulsed,330,0.105,60,6.3,39.8,79.9,98.5,212.2,234.5,L3_reached,cyto_motion
,639,800-pulsed-330mW-60s,2024-07-08,12,0,laser,800,pulsed,330,0.105,60,6.3,39.8,64.9,78,176.4,199.3,L3_reached,cyto_motion
,640,800-pulsed-330mW-60s,2024-07-08,12,0,laser,800,pulsed,330,0.105,60,6.3,39.8,90,112.3,238.2,258.8,L3_reached,cyto_motion
,641,800-pulsed-330mW-60s,2024-07-08,12,0,laser,800,pulsed,330,0.105,60,6.3,39.8,65.5,82.3,208.9,233.6,L3_reached,cyto_motion
,642,800-pulsed-330mW-60s,2024-07-08,12,0,laser,800,pulsed,330,0.105,60,6.3,39.8,67.5,81.7,190.9,215.5,L3_reached,cyto_motion
,643,800-pulsed-330mW-30s,2024-07-02,1,0,laser,800,pulsed,330,0.105,30,3.15,42.2,65.9,79,NA,NA,degenerated,cyto_motion
,644,800-pulsed-330mW-30s,2024-07-02,1,0,laser,800,pulsed,330,0.105,30,3.15,42.2,73.4,87.4,216.1,241.2,L3_reached,cyto_motion
,645,800-pulsed-330mW-30s,2024-07-02,1,0,laser,800,pulsed,330,0.105,30,3.15,42.2,73.8,89.7,190.1,217.8,L3_reached,cyto_motion
,646,800-pulsed-330mW-30s,2024-07-02,2,0,laser,800,pulsed,330,0.105,30,3.15,42.2,64,83,214.4,240.2,L3_reached,cyto_motion
,647,800-pulsed-330mW-30s,2024-07-02,2,0,laser,800,pulsed,330,0.105,30,3.15,42.2,81,98.5,201.2,231.1,L3_reached,cyto_motion
,648,800-pulsed-330mW-30s,2024-07-02,2,0,laser,800,pulsed,330,0.105,30,3.15,42.2,70.9,86.7,211.6,235.5,L3_reached,cyto_motion
,649,800-pulsed-330mW-30s,2024-07-02,2,0,laser,800,pulsed,330,0.105,30,3.15,42.2,NA,NA,NA,NA,degenerated,cyto_motion
,650,800-pulsed-330mW-30s,2024-07-02,3,0,laser,800,pulsed,330,0.105,30,3.15,42.2,71.3,85.5,192.8,216,L3_reached,cyto_motion
,651,800-pulsed-330mW-30s,2024-07-02,3,0,laser,800,pulsed,330,0.105,30,3.15,42.2,69.7,84.3,181.8,201.9,L3_reached,cyto_motion
,652,800-pulsed-330mW-30s,2024-07-02,3,0,laser,800,pulsed,330,0.105,30,3.15,42.2,67.8,79.8,177,203.4,degenerated,cyto_motion
,653,800-pulsed-330mW-30s,2024-07-02,4,0,laser,800,pulsed,330,0.105,30,3.15,42.2,72.7,90.3,188.1,210.5,L3_reached,cyto_motion
,654,800-pulsed-330mW-30s,2024-07-02,4,0,laser,800,pulsed,330,0.105,30,3.15,42.2,79.7,97.5,204.2,222.3,L3_reached,cyto_motion
,655,800-pulsed-330mW-30s,2024-07-02,4,0,laser,800,pulsed,330,0.105,30,3.15,42.2,68.5,83.9,190.9,218.5,L3_reached,cyto_motion
,656,800-pulsed-330mW-30s,2024-07-02,4,0,laser,800,pulsed,330,0.105,30,3.15,42.2,76.5,94.2,210.2,228.2,L3_reached,cyto_motion
,657,800-pulsed-330mW-30s,2024-07-02,5,0,laser,800,pulsed,330,0.105,30,3.15,42.2,57,70.1,162.4,189.3,L3_reached,cyto_motion
,658,800-pulsed-330mW-30s,2024-07-02,5,0,laser,800,pulsed,330,0.105,30,3.15,42.2,71.8,93,241.6,269.4,L3_reached,cyto_motion
,659,800-pulsed-330mW-30s,2024-07-02,5,0,laser,800,pulsed,330,0.105,30,3.15,42.2,71.5,86.8,202.3,235.4,L3_reached,cyto_motion
,660,800-pulsed-330mW-30s,2024-07-02,6,0,laser,800,pulsed,330,0.105,30,3.15,42.2,73.3,90,186.2,207.5,L3_reached,cyto_motion
,661,800-pulsed-330mW-30s,2024-07-02,6,0,laser,800,pulsed,330,0.105,30,3.15,42.2,64.7,78,189,214,L3_reached,cyto_motion
,662,800-pulsed-330mW-30s,2024-07-02,6,0,laser,800,pulsed,330,0.105,30,3.15,42.2,57.1,73.4,194.6,216.6,L3_reached,cyto_motion
,663,800-pulsed-330mW-30s,2024-07-02,6,0,laser,800,pulsed,330,0.105,30,3.15,42.2,64.7,77.4,181.8,215.3,L3_reached,cyto_motion
,664,800-pulsed-330mW-30s,2024-07-02,7,0,laser,800,pulsed,330,0.105,30,3.15,42.2,71.1,85.8,204.2,227.3,L3_reached,cyto_motion
,665,800-pulsed-330mW-30s,2024-07-02,7,0,laser,800,pulsed,330,0.105,30,3.15,42.2,65.4,78,199.4,229.9,L3_reached,cyto_motion
,666,800-pulsed-330mW-30s,2024-07-02,7,0,laser,800,pulsed,330,0.105,30,3.15,42.2,66.3,80.6,177.9,228.8,L3_reached,cyto_motion
,667,800-pulsed-330mW-30s,2024-07-02,7,0,laser,800,pulsed,330,0.105,30,3.15,42.2,67.5,85.1,195.6,221.7,L3_reached,cyto_motion
,668,800-pulsed-330mW-30s,2024-07-02,8,0,laser,800,pulsed,330,0.105,30,3.15,42.2,79.2,92.5,218.1,245.9,L3_reached,cyto_motion
,669,800-pulsed-330mW-30s,2024-07-02,8,0,laser,800,pulsed,330,0.105,30,3.15,42.2,66.8,82.7,204.2,233.5,L3_reached,cyto_motion
,670,800-pulsed-330mW-30s,2024-07-02,8,0,laser,800,pulsed,330,0.105,30,3.15,42.2,68.1,81.6,196.6,216.3,L3_reached,cyto_motion
,671,800-pulsed-330mW-30s,2024-07-02,8,0,laser,800,pulsed,330,0.105,30,3.15,42.2,65.4,79.9,199.4,223.1,L3_reached,cyto_motion
,672,800-pulsed-330mW-30s,2024-07-02,9,0,laser,800,pulsed,330,0.105,30,3.15,42.2,67.9,82,207,234,L3_reached,cyto_motion
,673,800-pulsed-330mW-30s,2024-07-02,9,0,laser,800,pulsed,330,0.105,30,3.15,42.2,67.5,82,187,207,L3_reached,cyto_motion
,674,800-pulsed-330mW-30s,2024-07-02,9,0,laser,800,pulsed,330,0.105,30,3.15,42.2,76.8,96.5,205,226,L3_reached,cyto_motion
,675,800-pulsed-330mW-30s,2024-07-02,10,0,laser,800,pulsed,330,0.105,30,3.15,42.2,77.4,95.5,205.1,224.5,L3_reached,cyto_motion
,676,800-pulsed-330mW-30s,2024-07-02,10,0,laser,800,pulsed,330,0.105,30,3.15,42.2,68.2,85.2,208.9,249.9,L3_reached,cyto_motion
,677,800-pulsed-330mW-30s,2024-07-02,10,0,laser,800,pulsed,330,0.105,30,3.15,42.2,65.4,80.1,184.1,206,L3_reached,cyto_motion
,678,800-pulsed-330mW-30s,2024-07-02,11,0,laser,800,pulsed,330,0.105,30,3.15,42.2,69.7,86.3,202.5,225.8,L3_reached,cyto_motion
,679,800-pulsed-330mW-30s,2024-07-02,11,0,laser,800,pulsed,330,0.105,30,3.15,42.2,59.6,75.6,190,214.5,L3_reached,cyto_motion
,680,800-pulsed-330mW-30s,2024-07-02,11,0,laser,800,pulsed,330,0.105,30,3.15,42.2,72.7,89,210.8,236,L3_reached,cyto_motion
,681,800-pulsed-330mW-30s,2024-07-02,12,0,laser,800,pulsed,330,0.105,30,3.15,42.2,67.3,81.9,190,219.2,L3_reached,cyto_motion
,682,800-pulsed-330mW-30s,2024-07-02,12,0,laser,800,pulsed,330,0.105,30,3.15,42.2,75.6,95.5,251.8,272.6,L3_reached,cyto_motion
,683,800-pulsed-330mW-30s,2024-07-02,12,0,laser,800,pulsed,330,0.105,30,3.15,42.2,69.9,84.9,197.5,225.9,L3_reached,cyto_motion
,684,800-pulsed-330mW-30s,2024-07-02,12,0,laser,800,pulsed,330,0.105,30,3.15,42.2,61.8,76.1,173.5,201.7,L3_reached,cyto_motion
,685,UVC-6W-30s,2025-06-10,1,0,uvc,254,NA,6,2.109,30,0.0633,0.1,NA,NA,NA,NA,arrested,cyto_motion
,686,UVC-6W-30s,2025-06-10,1,0,uvc,254,NA,6,2.109,30,0.0633,0.1,NA,NA,NA,NA,arrested,cyto_motion
,687,UVC-6W-30s,2025-06-10,1,0,uvc,254,NA,6,2.109,30,0.0633,0.1,NA,NA,NA,NA,arrested,cyto_motion
,688,UVC-6W-30s,2025-06-10,2,0,uvc,254,NA,6,2.109,30,0.0633,0.1,NA,NA,NA,NA,arrested,cyto_motion
,689,UVC-6W-30s,2025-06-10,2,0,uvc,254,NA,6,2.109,30,0.0633,0.1,NA,NA,NA,NA,arrested,cyto_motion
,690,UVC-6W-30s,2025-06-10,2,0,uvc,254,NA,6,2.109,30,0.0633,0.1,NA,NA,NA,NA,arrested,cyto_motion
,691,UVC-6W-30s,2025-06-10,3,0,uvc,254,NA,6,2.109,30,0.0633,0.1,NA,NA,NA,NA,arrested,cyto_motion
,692,UVC-6W-30s,2025-06-10,3,0,uvc,254,NA,6,2.109,30,0.0633,0.1,NA,NA,NA,NA,arrested,cyto_motion
,693,UVC-6W-30s,2025-06-10,3,0,uvc,254,NA,6,2.109,30,0.0633,0.1,NA,NA,NA,NA,arrested,cyto_motion
,694,UVC-6W-30s,2025-06-10,4,0,uvc,254,NA,6,2.109,30,0.0633,0.1,NA,NA,NA,NA,arrested,cyto_motion
,695,UVC-6W-30s,2025-06-10,4,0,uvc,254,NA,6,2.109,30,0.0633,0.1,NA,NA,NA,NA,arrested,cyto_motion
,696,UVC-6W-30s,2025-06-10,4,0,uvc,254,NA,6,2.109,30,0.0633,0.1,NA,NA,NA,NA,arrested,cyto_motion
,697,UVC-6W-30s,2025-06-10,4,0,uvc,254,NA,6,2.109,30,0.0633,0.1,NA,NA,NA,NA,arrested,cyto_motion
,698,UVC-6W-30s,2025-06-10,5,0,uvc,254,NA,6,2.109,30,0.0633,0.1,NA,NA,NA,NA,leak,cyto_motion
,699,UVC-6W-30s,2025-06-10,5,0,uvc,254,NA,6,2.109,30,0.0633,0.1,NA,NA,NA,NA,arrested,cyto_motion
,700,UVC-6W-30s,2025-06-10,5,0,uvc,254,NA,6,2.109,30,0.0633,0.1,NA,NA,NA,NA,arrested,cyto_motion
,701,UVC-6W-30s,2025-06-10,6,0,uvc,254,NA,6,2.109,30,0.0633,0.1,NA,NA,NA,NA,arrested,cyto_motion
,702,UVC-6W-30s,2025-06-10,6,0,uvc,254,NA,6,2.109,30,0.0633,0.1,NA,NA,NA,NA,arrested,cyto_motion
,703,UVC-6W-30s,2025-06-10,6,0,uvc,254,NA,6,2.109,30,0.0633,0.1,NA,NA,NA,NA,leak,cyto_motion
,704,UVC-6W-30s,2025-06-10,7,0,uvc,254,NA,6,2.109,30,0.0633,0.1,NA,NA,NA,NA,arrested,cyto_motion
,705,UVC-6W-30s,2025-06-10,7,0,uvc,254,NA,6,2.109,30,0.0633,0.1,NA,NA,NA,NA,arrested,cyto_motion
,706,UVC-6W-30s,2025-06-10,7,0,uvc,254,NA,6,2.109,30,0.0633,0.1,NA,NA,NA,NA,arrested,cyto_motion
,707,UVC-6W-30s,2025-06-10,8,0,uvc,254,NA,6,2.109,30,0.0633,0.1,373.4,420.4,NA,NA,arrested,cyto_motion
,708,UVC-6W-30s,2025-06-10,8,0,uvc,254,NA,6,2.109,30,0.0633,0.1,NA,NA,NA,NA,arrested,cyto_motion
,709,UVC-6W-30s,2025-06-10,8,0,uvc,254,NA,6,2.109,30,0.0633,0.1,NA,NA,NA,NA,arrested,cyto_motion
,710,UVC-6W-30s,2025-06-10,9,0,uvc,254,NA,6,2.109,30,0.0633,0.1,NA,NA,NA,NA,arrested,cyto_motion
,711,UVC-6W-30s,2025-06-10,9,0,uvc,254,NA,6,2.109,30,0.0633,0.1,NA,NA,NA,NA,arrested,cyto_motion
,712,UVC-6W-30s,2025-06-10,9,0,uvc,254,NA,6,2.109,30,0.0633,0.1,NA,NA,NA,NA,arrested,cyto_motion
,713,UVC-6W-30s,2025-06-10,10,0,uvc,254,NA,6,2.109,30,0.0633,0.1,NA,NA,NA,NA,arrested,cyto_motion
,714,UVC-6W-30s,2025-06-10,10,0,uvc,254,NA,6,2.109,30,0.0633,0.1,350.8,NA,NA,NA,arrested,cyto_motion
,715,UVC-6W-30s,2025-06-10,10,0,uvc,254,NA,6,2.109,30,0.0633,0.1,383,440,NA,NA,arrested,cyto_motion
,716,UVC-6W-30s,2025-06-10,11,0,uvc,254,NA,6,2.109,30,0.0633,0.1,508,NA,NA,NA,leak,cyto_motion
,717,UVC-6W-30s,2025-06-10,11,0,uvc,254,NA,6,2.109,30,0.0633,0.1,NA,NA,NA,NA,arrested,cyto_motion
,718,UVC-6W-30s,2025-06-10,11,0,uvc,254,NA,6,2.109,30,0.0633,0.1,NA,NA,NA,NA,leak,cyto_motion
,719,UVC-6W-30s,2025-06-10,12,0,uvc,254,NA,6,2.109,30,0.0633,0.1,NA,NA,NA,NA,arrested,cyto_motion
,720,UVC-6W-30s,2025-06-10,12,0,uvc,254,NA,6,2.109,30,0.0633,0.1,NA,NA,NA,NA,arrested,cyto_motion
,721,UVC-6W-30s,2025-06-10,12,0,uvc,254,NA,6,2.109,30,0.0633,0.1,NA,NA,NA,NA,arrested,cyto_motion
,722,UVC-6W-30s,2025-06-10,12,0,uvc,254,NA,6,2.109,30,0.0633,0.1,NA,NA,NA,NA,arrested,cyto_motion
,723,UVC-6W-10s,2025-06-10,1,0,uvc,254,NA,6,2.109,10,0.0211,0.1,NA,NA,NA,NA,arrested,cyto_motion
,724,UVC-6W-10s,2025-06-10,1,0,uvc,254,NA,6,2.109,10,0.0211,0.1,214,254.2,417,440,L3_reached,cyto_motion
,725,UVC-6W-10s,2025-06-10,1,0,uvc,254,NA,6,2.109,10,0.0211,0.1,NA,NA,NA,NA,degenerated,cyto_motion
,726,UVC-6W-10s,2025-06-10,2,0,uvc,254,NA,6,2.109,10,0.0211,0.1,NA,NA,NA,NA,arrested,cyto_motion
,727,UVC-6W-10s,2025-06-10,2,0,uvc,254,NA,6,2.109,10,0.0211,0.1,NA,NA,NA,NA,arrested,cyto_motion
,728,UVC-6W-10s,2025-06-10,2,0,uvc,254,NA,6,2.109,10,0.0211,0.1,168.5,207.9,NA,NA,degenerated,cyto_motion
,729,UVC-6W-10s,2025-06-10,3,0,uvc,254,NA,6,2.109,10,0.0211,0.1,176.4,224.4,420,453,L3_reached,cyto_motion
,730,UVC-6W-10s,2025-06-10,3,0,uvc,254,NA,6,2.109,10,0.0211,0.1,37.7,57,182.7,204.5,L3_reached,cyto_motion
,731,UVC-6W-10s,2025-06-10,3,0,uvc,254,NA,6,2.109,10,0.0211,0.1,NA,NA,NA,NA,arrested,cyto_motion
,732,UVC-6W-10s,2025-06-10,4,0,uvc,254,NA,6,2.109,10,0.0211,0.1,NA,NA,NA,NA,arrested,cyto_motion
,733,UVC-6W-10s,2025-06-10,4,0,uvc,254,NA,6,2.109,10,0.0211,0.1,NA,NA,NA,NA,arrested,cyto_motion
,734,UVC-6W-10s,2025-06-10,4,0,uvc,254,NA,6,2.109,10,0.0211,0.1,NA,NA,NA,NA,arrested,cyto_motion
,735,UVC-6W-10s,2025-06-10,5,0,uvc,254,NA,6,2.109,10,0.0211,0.1,392,460,NA,NA,arrested,cyto_motion
,736,UVC-6W-10s,2025-06-10,5,0,uvc,254,NA,6,2.109,10,0.0211,0.1,108,132.6,291,313.6,L3_reached,cyto_motion
,737,UVC-6W-10s,2025-06-10,5,0,uvc,254,NA,6,2.109,10,0.0211,0.1,282.7,340,NA,NA,arrested,cyto_motion
,738,UVC-6W-10s,2025-06-10,6,0,uvc,254,NA,6,2.109,10,0.0211,0.1,NA,NA,NA,NA,arrested,cyto_motion
,739,UVC-6W-10s,2025-06-10,6,0,uvc,254,NA,6,2.109,10,0.0211,0.1,NA,NA,NA,NA,arrested,cyto_motion
,740,UVC-6W-10s,2025-06-10,6,0,uvc,254,NA,6,2.109,10,0.0211,0.1,132,174,410,437,L3_reached,cyto_motion
,741,UVC-6W-10s,2025-06-10,7,0,uvc,254,NA,6,2.109,10,0.0211,0.1,83,104,230,252,L3_reached,cyto_motion
,742,UVC-6W-10s,2025-06-10,7,0,uvc,254,NA,6,2.109,10,0.0211,0.1,365,415,NA,NA,degenerated,cyto_motion
,743,UVC-6W-10s,2025-06-10,7,0,uvc,254,NA,6,2.109,10,0.0211,0.1,NA,NA,NA,NA,arrested,cyto_motion
,744,UVC-6W-10s,2025-06-10,8,0,uvc,254,NA,6,2.109,10,0.0211,0.1,NA,NA,NA,NA,arrested,cyto_motion
,745,UVC-6W-10s,2025-06-10,8,0,uvc,254,NA,6,2.109,10,0.0211,0.1,428,NA,NA,NA,degenerated,cyto_motion
,746,UVC-6W-10s,2025-06-10,8,0,uvc,254,NA,6,2.109,10,0.0211,0.1,216.5,264.5,509,560,arrested,cyto_motion
,747,UVC-6W-10s,2025-06-10,9,0,uvc,254,NA,6,2.109,10,0.0211,0.1,128,167,361,367,L3_reached,cyto_motion
,748,UVC-6W-10s,2025-06-10,9,0,uvc,254,NA,6,2.109,10,0.0211,0.1,NA,NA,NA,NA,degenerated,cyto_motion
,749,UVC-6W-10s,2025-06-10,9,0,uvc,254,NA,6,2.109,10,0.0211,0.1,NA,NA,NA,NA,arrested,cyto_motion
,750,UVC-6W-10s,2025-06-10,10,0,uvc,254,NA,6,2.109,10,0.0211,0.2,NA,NA,NA,NA,arrested,cyto_motion
,751,UVC-6W-10s,2025-06-10,10,0,uvc,254,NA,6,2.109,10,0.0211,0.2,398.5,473.5,NA,NA,arrested,cyto_motion
,752,UVC-6W-10s,2025-06-10,10,0,uvc,254,NA,6,2.109,10,0.0211,0.2,102.6,125.7,260,NA,degenerated,cyto_motion
,753,UVC-6W-10s,2025-06-10,11,0,uvc,254,NA,6,2.109,10,0.0211,0.2,241,279,438.3,464.7,L3_reached,cyto_motion
,754,UVC-6W-10s,2025-06-10,11,0,uvc,254,NA,6,2.109,10,0.0211,0.2,295.3,321,NA,NA,degenerated,cyto_motion
,755,UVC-6W-10s,2025-06-10,11,0,uvc,254,NA,6,2.109,10,0.0211,0.2,74.4,102.1,258,283,L3_reached,cyto_motion
,756,UVC-6W-10s,2025-06-10,12,0,uvc,254,NA,6,2.109,10,0.0211,0.2,NA,NA,NA,NA,arrested,cyto_motion
,757,UVC-6W-10s,2025-06-10,12,0,uvc,254,NA,6,2.109,10,0.0211,0.2,257,312,NA,NA,degenerated,cyto_motion
,758,UVC-6W-10s,2025-06-10,12,0,uvc,254,NA,6,2.109,10,0.0211,0.2,109,144,314,NA,degenerated,cyto_motion
,759,UVC-6W-5s,2025-06-10,1,0,uvc,254,NA,6,2.109,5,0.0105,0.1,59.3,85.1,240,265,L3_reached,cyto_motion
,760,UVC-6W-5s,2025-06-10,1,0,uvc,254,NA,6,2.109,5,0.0105,0.1,64.2,85.4,216.7,244,degenerated,cyto_motion
,761,UVC-6W-5s,2025-06-10,1,0,uvc,254,NA,6,2.109,5,0.0105,0.1,182.6,212,389,410,L3_reached,cyto_motion
,762,UVC-6W-5s,2025-06-10,2,0,uvc,254,NA,6,2.109,5,0.0105,0.1,30,45.1,176,200,L3_reached,cyto_motion
,763,UVC-6W-5s,2025-06-10,2,0,uvc,254,NA,6,2.109,5,0.0105,0.1,51.7,73.2,200,230,L3_reached,cyto_motion
,764,UVC-6W-5s,2025-06-10,2,0,uvc,254,NA,6,2.109,5,0.0105,0.1,42.6,62,167,215,L3_reached,cyto_motion
,765,UVC-6W-5s,2025-06-10,3,0,uvc,254,NA,6,2.109,5,0.0105,0.1,55.4,74.7,204,227,L3_reached,cyto_motion
,766,UVC-6W-5s,2025-06-10,3,0,uvc,254,NA,6,2.109,5,0.0105,0.1,130,163,297,324,L3_reached,cyto_motion
,767,UVC-6W-5s,2025-06-10,3,0,uvc,254,NA,6,2.109,5,0.0105,0.1,43.7,66.3,214,238,L3_reached,cyto_motion
,768,UVC-6W-5s,2025-06-10,4,0,uvc,254,NA,6,2.109,5,0.0105,0.1,69,91.2,228,253,L3_reached,cyto_motion
,769,UVC-6W-5s,2025-06-10,4,0,uvc,254,NA,6,2.109,5,0.0105,0.1,97,123.5,271,295,L3_reached,cyto_motion
,770,UVC-6W-5s,2025-06-10,4,0,uvc,254,NA,6,2.109,5,0.0105,0.1,190.5,232.4,380,405,L3_reached,cyto_motion
,771,UVC-6W-5s,2025-06-10,5,0,uvc,254,NA,6,2.109,5,0.0105,0.1,85.4,107,246,265,L3_reached,cyto_motion
,772,UVC-6W-5s,2025-06-10,5,0,uvc,254,NA,6,2.109,5,0.0105,0.1,91.6,118,288,313,L3_reached,cyto_motion
,773,UVC-6W-5s,2025-06-10,5,0,uvc,254,NA,6,2.109,5,0.0105,0.1,NA,NA,NA,NA,degenerated,cyto_motion
,774,UVC-6W-5s,2025-06-10,6,0,uvc,254,NA,6,2.109,5,0.0105,0.1,107.2,137.7,290,315.5,degenerated,cyto_motion
,775,UVC-6W-5s,2025-06-10,6,0,uvc,254,NA,6,2.109,5,0.0105,0.1,137,173.1,358,394,L3_reached,cyto_motion
,776,UVC-6W-5s,2025-06-10,6,0,uvc,254,NA,6,2.109,5,0.0105,0.1,260.4,294,483,507,L3_reached,cyto_motion
,777,UVC-6W-5s,2025-06-10,7,0,uvc,254,NA,6,2.109,5,0.0105,0.1,447,487,NA,NA,arrested,cyto_motion
,778,UVC-6W-5s,2025-06-10,7,0,uvc,254,NA,6,2.109,5,0.0105,0.1,42,60.5,186,215,L3_reached,cyto_motion
,779,UVC-6W-5s,2025-06-10,7,0,uvc,254,NA,6,2.109,5,0.0105,0.1,258,299,482,511,L3_reached,cyto_motion
,780,UVC-6W-5s,2025-06-10,8,0,uvc,254,NA,6,2.109,5,0.0105,0.1,80,104,279,298,L3_reached,cyto_motion
,781,UVC-6W-5s,2025-06-10,8,0,uvc,254,NA,6,2.109,5,0.0105,0.1,51,65.8,186,205,L3_reached,cyto_motion
,782,UVC-6W-5s,2025-06-10,8,0,uvc,254,NA,6,2.109,5,0.0105,0.1,NA,NA,NA,NA,arrested,cyto_motion
,783,UVC-6W-5s,2025-06-10,9,0,uvc,254,NA,6,2.109,5,0.0105,0.1,NA,NA,NA,NA,arrested,cyto_motion
,784,UVC-6W-5s,2025-06-10,9,0,uvc,254,NA,6,2.109,5,0.0105,0.1,69,91,236,258,L3_reached,cyto_motion
,785,UVC-6W-5s,2025-06-10,9,0,uvc,254,NA,6,2.109,5,0.0105,0.1,53,71.3,193,212,L3_reached,cyto_motion
,786,UVC-6W-5s,2025-06-10,10,0,uvc,254,NA,6,2.109,5,0.0105,0.1,439,505,NA,NA,arrested,cyto_motion
,787,UVC-6W-5s,2025-06-10,10,0,uvc,254,NA,6,2.109,5,0.0105,0.1,106.3,128.6,270.3,289,L3_reached,cyto_motion
,788,UVC-6W-5s,2025-06-10,10,0,uvc,254,NA,6,2.109,5,0.0105,0.1,NA,NA,NA,NA,arrested,cyto_motion
,789,UVC-6W-5s,2025-06-10,11,0,uvc,254,NA,6,2.109,5,0.0105,0.1,NA,NA,NA,NA,arrested,cyto_motion
,790,UVC-6W-5s,2025-06-10,11,0,uvc,254,NA,6,2.109,5,0.0105,0.1,53.6,73.8,221,240.5,L3_reached,cyto_motion
,791,UVC-6W-5s,2025-06-10,11,0,uvc,254,NA,6,2.109,5,0.0105,0.1,115,172.4,338,358,L3_reached,cyto_motion
,792,UVC-6W-5s,2025-06-10,12,0,uvc,254,NA,6,2.109,5,0.0105,0.1,113,137.6,285,312,L3_reached,cyto_motion
,793,UVC-6W-5s,2025-06-10,12,0,uvc,254,NA,6,2.109,5,0.0105,0.1,39,54.6,174.5,193,L3_reached,cyto_motion
,794,UVC-6W-5s,2025-06-10,12,0,uvc,254,NA,6,2.109,5,0.0105,0.1,67.5,88.5,222,247,L3_reached,cyto_motion
,795,UVC-6W-2s,2025-06-10,1,0,uvc,254,NA,6,2.109,2,0.0042,0.2,73,94,212,230,L3_reached,cyto_motion
,796,UVC-6W-2s,2025-06-11,1,0,uvc,254,NA,6,2.109,2,0.0042,0.2,162,188.6,333,359.4,L3_reached,cyto_motion
,797,UVC-6W-2s,2025-06-12,1,0,uvc,254,NA,6,2.109,2,0.0042,0.2,27.3,43,178,203,L3_reached,cyto_motion
,798,UVC-6W-2s,2025-06-10,2,0,uvc,254,NA,6,2.109,2,0.0042,0.2,46.7,68.8,194,216,L3_reached,cyto_motion
,799,UVC-6W-2s,2025-06-11,2,0,uvc,254,NA,6,2.109,2,0.0042,0.2,50.3,66,183.6,204,L3_reached,cyto_motion
,800,UVC-6W-2s,2025-06-12,2,0,uvc,254,NA,6,2.109,2,0.0042,0.2,26.2,41.8,167,190,L3_reached,cyto_motion
,801,UVC-6W-2s,2025-06-10,3,0,uvc,254,NA,6,2.109,2,0.0042,0.2,28.5,41.6,177,192,L3_reached,cyto_motion
,802,UVC-6W-2s,2025-06-11,3,0,uvc,254,NA,6,2.109,2,0.0042,0.2,32,46,167,189,L3_reached,cyto_motion
,803,UVC-6W-2s,2025-06-12,3,0,uvc,254,NA,6,2.109,2,0.0042,0.2,49.2,66.2,200,233,L3_reached,cyto_motion
,804,UVC-6W-2s,2025-06-10,4,0,uvc,254,NA,6,2.109,2,0.0042,0.2,56,78.5,300,332,L3_reached,cyto_motion
,805,UVC-6W-2s,2025-06-11,4,0,uvc,254,NA,6,2.109,2,0.0042,0.2,88.3,111.5,240,260,L3_reached,cyto_motion
,806,UVC-6W-2s,2025-06-12,4,0,uvc,254,NA,6,2.109,2,0.0042,0.2,46,60,187,204,L3_reached,cyto_motion
,807,UVC-6W-2s,2025-06-10,5,0,uvc,254,NA,6,2.109,2,0.0042,0.2,62,82.8,232,252,L3_reached,cyto_motion
,808,UVC-6W-2s,2025-06-11,5,0,uvc,254,NA,6,2.109,2,0.0042,0.2,54.2,74.6,202,227,L3_reached,cyto_motion
,809,UVC-6W-2s,2025-06-12,5,0,uvc,254,NA,6,2.109,2,0.0042,0.2,36,54,172,191,L3_reached,cyto_motion
,810,UVC-6W-2s,2025-06-10,6,0,uvc,254,NA,6,2.109,2,0.0042,0.2,39,56.7,193,213,L3_reached,cyto_motion
,811,UVC-6W-2s,2025-06-11,6,0,uvc,254,NA,6,2.109,2,0.0042,0.2,43.2,61.2,204,224,L3_reached,cyto_motion
,812,UVC-6W-2s,2025-06-12,6,0,uvc,254,NA,6,2.109,2,0.0042,0.2,94,125,270,293,degenerated,cyto_motion
,813,UVC-6W-2s,2025-06-10,7,0,uvc,254,NA,6,2.109,2,0.0042,0.2,33.3,48.5,177,198,L3_reached,cyto_motion
,814,UVC-6W-2s,2025-06-11,7,0,uvc,254,NA,6,2.109,2,0.0042,0.2,104,147,NA,NA,degenerated,cyto_motion
,815,UVC-6W-2s,2025-06-12,7,0,uvc,254,NA,6,2.109,2,0.0042,0.2,26.3,40.5,167,184,L3_reached,cyto_motion
,816,UVC-6W-2s,2025-06-10,8,0,uvc,254,NA,6,2.109,2,0.0042,0.2,32.5,50,176.4,206,L3_reached,cyto_motion
,817,UVC-6W-2s,2025-06-11,8,0,uvc,254,NA,6,2.109,2,0.0042,0.2,54,70.8,186,207,L3_reached,cyto_motion
,818,UVC-6W-2s,2025-06-12,8,0,uvc,254,NA,6,2.109,2,0.0042,0.2,86.1,110,NA,NA,degenerated,cyto_motion
,819,UVC-6W-2s,2025-06-10,9,0,uvc,254,NA,6,2.109,2,0.0042,0.2,33.4,47,167,195,degenerated,cyto_motion
,820,UVC-6W-2s,2025-06-11,9,0,uvc,254,NA,6,2.109,2,0.0042,0.2,50,72,224,236,L3_reached,cyto_motion
,821,UVC-6W-2s,2025-06-12,9,0,uvc,254,NA,6,2.109,2,0.0042,0.2,37.3,53,177,195,L3_reached,cyto_motion
,822,UVC-6W-2s,2025-06-10,10,0,uvc,254,NA,6,2.109,2,0.0042,0.2,32.4,45.8,160,176.5,L3_reached,cyto_motion
,823,UVC-6W-2s,2025-06-11,10,0,uvc,254,NA,6,2.109,2,0.0042,0.2,29.7,48.4,180,200,L3_reached,cyto_motion
,824,UVC-6W-2s,2025-06-12,10,0,uvc,254,NA,6,2.109,2,0.0042,0.2,25.6,39.1,151,176.5,L3_reached,cyto_motion
,825,UVC-6W-2s,2025-06-10,11,0,uvc,254,NA,6,2.109,2,0.0042,0.2,50.5,82.9,199,218,L3_reached,cyto_motion
,826,UVC-6W-2s,2025-06-11,11,0,uvc,254,NA,6,2.109,2,0.0042,0.2,38.7,57.8,186,220,L3_reached,cyto_motion
,827,UVC-6W-2s,2025-06-12,11,0,uvc,254,NA,6,2.109,2,0.0042,0.2,35.6,49.5,165,190,L3_reached,cyto_motion
,828,UVC-6W-2s,2025-06-10,12,0,uvc,254,NA,6,2.109,2,0.0042,0.2,41.4,59.3,184,199,L3_reached,cyto_motion
,829,UVC-6W-2s,2025-06-11,12,0,uvc,254,NA,6,2.109,2,0.0042,0.2,44.5,62.6,196,217.6,L3_reached,cyto_motion
,830,UVC-6W-2s,2025-06-12,12,0,uvc,254,NA,6,2.109,2,0.0042,0.2,53.7,74.3,212,235.4,degenerated,cyto_motion
,831,UVC-6W-control,2025-06-12,1,1,NA,NA,NA,NA,NA,NA,NA,0.1,37.9,57,172.3,190.5,L3_reached,cyto_motion
,832,UVC-6W-control,2025-06-12,1,1,NA,NA,NA,NA,NA,NA,NA,0.1,28.7,43,140.5,159.4,L3_reached,cyto_motion
,833,UVC-6W-control,2025-06-12,1,1,NA,NA,NA,NA,NA,NA,NA,0.1,33.6,50.1,178.6,196.4,L3_reached,cyto_motion
,834,UVC-6W-control,2025-06-12,2,1,NA,NA,NA,NA,NA,NA,NA,0.1,31.3,46.4,166.7,185,L3_reached,cyto_motion
,835,UVC-6W-control,2025-06-12,2,1,NA,NA,NA,NA,NA,NA,NA,0.1,30.1,44.7,161,181.2,L3_reached,cyto_motion
,836,UVC-6W-control,2025-06-12,2,1,NA,NA,NA,NA,NA,NA,NA,0.1,24.6,37.6,152.8,171,L3_reached,cyto_motion
,837,UVC-6W-control,2025-06-12,3,1,NA,NA,NA,NA,NA,NA,NA,0.1,35,52.2,172.3,189,L3_reached,cyto_motion
,838,UVC-6W-control,2025-06-12,3,1,NA,NA,NA,NA,NA,NA,NA,0.1,27.4,48.2,176.3,199,L3_reached,cyto_motion
,839,UVC-6W-control,2025-06-12,3,1,NA,NA,NA,NA,NA,NA,NA,0.1,24,38.4,157,180,L3_reached,cyto_motion
,840,UVC-6W-control,2025-06-12,4,1,NA,NA,NA,NA,NA,NA,NA,0.1,25.6,38.7,NA,NA,degenerated,cyto_motion
,841,UVC-6W-control,2025-06-12,4,1,NA,NA,NA,NA,NA,NA,NA,0.1,24,37.5,136.2,163,L3_reached,cyto_motion
,842,UVC-6W-control,2025-06-12,4,1,NA,NA,NA,NA,NA,NA,NA,0.1,32,46.8,172,195,L3_reached,cyto_motion
,843,UVC-6W-control,2025-06-12,5,1,NA,NA,NA,NA,NA,NA,NA,0.1,26.7,41.6,180,199,L3_reached,cyto_motion
,844,UVC-6W-control,2025-06-12,5,1,NA,NA,NA,NA,NA,NA,NA,0.1,24.3,38.9,157,178,L3_reached,cyto_motion
,845,UVC-6W-control,2025-06-12,5,1,NA,NA,NA,NA,NA,NA,NA,0.1,28.3,45.3,176.4,201,L3_reached,cyto_motion
,846,UVC-6W-control,2025-06-12,6,1,NA,NA,NA,NA,NA,NA,NA,0.1,29,46.7,172,192.7,L3_reached,cyto_motion
,847,UVC-6W-control,2025-06-12,6,1,NA,NA,NA,NA,NA,NA,NA,0.1,20.2,31.5,155,177.3,L3_reached,cyto_motion
,848,UVC-6W-control,2025-06-12,6,1,NA,NA,NA,NA,NA,NA,NA,0.1,37.9,52.7,184,209,L3_reached,cyto_motion
,849,UVC-6W-control,2025-06-12,7,1,NA,NA,NA,NA,NA,NA,NA,0.1,26.1,40.4,139,157,L3_reached,cyto_motion
,850,UVC-6W-control,2025-06-12,7,1,NA,NA,NA,NA,NA,NA,NA,0.1,25.3,41.2,165,185,L3_reached,cyto_motion
,851,UVC-6W-control,2025-06-12,7,1,NA,NA,NA,NA,NA,NA,NA,0.1,48.5,66.4,220,243,L3_reached,cyto_motion
,852,UVC-6W-control,2025-06-12,8,1,NA,NA,NA,NA,NA,NA,NA,0.1,25.5,40.5,160,180,L3_reached,cyto_motion
,853,UVC-6W-control,2025-06-12,8,1,NA,NA,NA,NA,NA,NA,NA,0.1,43,61.7,191,215,L3_reached,cyto_motion
,854,UVC-6W-control,2025-06-12,8,1,NA,NA,NA,NA,NA,NA,NA,0.1,23.7,36.8,145,165,L3_reached,cyto_motion
,855,UVC-6W-control,2025-06-12,9,1,NA,NA,NA,NA,NA,NA,NA,0.1,23.3,38.1,168,186.5,L3_reached,cyto_motion
,856,UVC-6W-control,2025-06-12,9,1,NA,NA,NA,NA,NA,NA,NA,0.1,27,39.6,154,180,L3_reached,cyto_motion
,857,UVC-6W-control,2025-06-12,9,1,NA,NA,NA,NA,NA,NA,NA,0.1,25.7,41,177.7,201,L3_reached,cyto_motion
,858,UVC-6W-control,2025-06-12,10,1,NA,NA,NA,NA,NA,NA,NA,0.1,21.7,33.2,129.7,147.5,L3_reached,cyto_motion
,859,UVC-6W-control,2025-06-12,10,1,NA,NA,NA,NA,NA,NA,NA,0.1,24.3,38.3,162,183,L3_reached,cyto_motion
,860,UVC-6W-control,2025-06-12,10,1,NA,NA,NA,NA,NA,NA,NA,0.1,24.9,39.6,162,186,L3_reached,cyto_motion
,861,UVC-6W-control,2025-06-12,11,1,NA,NA,NA,NA,NA,NA,NA,0.1,23.6,34.5,151.5,171,L3_reached,cyto_motion
,862,UVC-6W-control,2025-06-12,11,1,NA,NA,NA,NA,NA,NA,NA,0.1,24,39.2,151.5,171,L3_reached,cyto_motion
,863,UVC-6W-control,2025-06-12,11,1,NA,NA,NA,NA,NA,NA,NA,0.1,33,49.5,190.5,220,degenerated,cyto_motion
,864,UVC-6W-control,2025-06-12,12,1,NA,NA,NA,NA,NA,NA,NA,0.1,25.9,42.5,184,200,L3_reached,cyto_motion
,865,UVC-6W-control,2025-06-12,12,1,NA,NA,NA,NA,NA,NA,NA,0.1,23.7,36.3,153,174,L3_reached,cyto_motion
,866,UVC-6W-control,2025-06-12,12,1,NA,NA,NA,NA,NA,NA,NA,0.1,27.2,43.1,160,177,L3_reached,cyto_motion