egg_uid,exp_label,start_date,well_#,control,system,wl_nm,regime,power_mW,irradiance_mW_cm2,exposure_s,fluence_J_cm2,t_start_h,t_motion_stop_h,death_mode,flags
1,400-SHG-40mW-30s,2024-07-23,1,0,laser,400.0,SHG,40.0,0.013,30.0,0.382,40.7,40.7,apoptotic_like,NA
2,400-SHG-40mW-30s,2024-07-23,1,0,laser,400.0,SHG,40.0,0.013,30.0,0.382,40.7,40.7,apoptotic_like,NA
3,400-SHG-40mW-30s,2024-07-23,1,0,laser,400.0,SHG,40.0,0.013,30.0,0.382,40.7,40.7,apoptotic_like,NA
4,400-SHG-40mW-30s,2024-07-23,2,0,laser,400.0,SHG,40.0,0.013,30.0,0.382,40.7,40.7,apoptotic_like,NA
5,400-SHG-40mW-30s,2024-07-23,2,0,laser,400.0,SHG,40.0,0.013,30.0,0.382,40.7,40.7,apoptotic_like,NA
6,400-SHG-40mW-30s,2024-07-23,2,0,laser,400.0,SHG,40.0,0.013,30.0,0.382,40.7,40.7,apoptotic_like,NA
7,400-SHG-40mW-30s,2024-07-23,3,0,laser,400.0,SHG,40.0,0.013,30.0,0.382,40.7,40.7,apoptotic_like,NA
8,400-SHG-40mW-30s,2024-07-23,3,0,laser,400.0,SHG,40.0,0.013,30.0,0.382,40.7,40.7,apoptotic_like,NA
9,400-SHG-40mW-30s,2024-07-23,3,0,laser,400.0,SHG,40.0,0.013,30.0,0.382,40.7,40.7,apoptotic_like,NA
10,400-SHG-40mW-30s,2024-07-23,3,0,laser,400.0,SHG,40.0,0.013,30.0,0.382,40.7,40.7,apoptotic_like,NA
11,400-SHG-40mW-30s,2024-07-23,3,0,laser,400.0,SHG,40.0,0.013,30.0,0.382,40.7,40.7,apoptotic_like,NA
12,400-SHG-40mW-30s,2024-07-23,3,0,laser,400.0,SHG,40.0,0.013,30.0,0.382,40.7,40.7,apoptotic_like,NA
13,400-SHG-40mW-30s,2024-07-23,3,0,laser,400.0,SHG,40.0,0.013,30.0,0.382,40.7,40.7,apoptotic_like,NA
14,400-SHG-40mW-30s,2024-07-23,4,0,laser,400.0,SHG,40.0,0.013,30.0,0.382,40.7,40.7,apoptotic_like,NA
15,400-SHG-40mW-30s,2024-07-23,4,0,laser,400.0,SHG,40.0,0.013,30.0,0.382,40.7,40.7,apoptotic_like,NA
16,400-SHG-40mW-30s,2024-07-23,4,0,laser,400.0,SHG,40.0,0.013,30.0,0.382,40.7,40.7,apoptotic_like,NA
17,400-SHG-40mW-30s,2024-07-23,5,0,laser,400.0,SHG,40.0,0.013,30.0,0.382,40.7,40.7,apoptotic_like,NA
18,400-SHG-40mW-30s,2024-07-23,5,0,laser,400.0,SHG,40.0,0.013,30.0,0.382,40.7,40.7,apoptotic_like,NA
19,400-SHG-40mW-30s,2024-07-23,5,0,laser,400.0,SHG,40.0,0.013,30.0,0.382,40.7,40.7,apoptotic_like,NA
20,400-SHG-40mW-30s,2024-07-23,6,0,laser,400.0,SHG,40.0,0.013,30.0,0.382,40.7,40.7,apoptotic_like,NA
21,400-SHG-40mW-30s,2024-07-23,6,0,laser,400.0,SHG,40.0,0.013,30.0,0.382,40.7,40.7,apoptotic_like,NA
22,400-SHG-40mW-30s,2024-07-23,6,0,laser,400.0,SHG,40.0,0.013,30.0,0.382,40.7,40.7,apoptotic_like,NA
23,400-SHG-40mW-30s,2024-07-23,7,0,laser,400.0,SHG,40.0,0.013,30.0,0.382,40.7,40.7,apoptotic_like,NA
24,400-SHG-40mW-30s,2024-07-23,7,0,laser,400.0,SHG,40.0,0.013,30.0,0.382,40.7,40.7,apoptotic_like,NA
25,400-SHG-40mW-30s,2024-07-23,7,0,laser,400.0,SHG,40.0,0.013,30.0,0.382,40.7,40.7,apoptotic_like,NA
26,400-SHG-40mW-30s,2024-07-23,8,0,laser,400.0,SHG,40.0,0.013,30.0,0.382,40.7,40.7,apoptotic_like,NA
27,400-SHG-40mW-30s,2024-07-23,8,0,laser,400.0,SHG,40.0,0.013,30.0,0.382,40.7,40.7,apoptotic_like,NA
28,400-SHG-40mW-30s,2024-07-23,8,0,laser,400.0,SHG,40.0,0.013,30.0,0.382,40.7,40.7,apoptotic_like,NA
29,400-SHG-40mW-30s,2024-07-23,9,0,laser,400.0,SHG,40.0,0.013,30.0,0.382,40.7,40.7,apoptotic_like,NA
30,400-SHG-40mW-30s,2024-07-23,9,0,laser,400.0,SHG,40.0,0.013,30.0,0.382,40.7,40.7,apoptotic_like,NA
31,400-SHG-40mW-30s,2024-07-23,9,0,laser,400.0,SHG,40.0,0.013,30.0,0.382,40.7,40.7,apoptotic_like,NA
32,400-SHG-40mW-30s,2024-07-23,10,0,laser,400.0,SHG,40.0,0.013,30.0,0.382,40.7,40.7,apoptotic_like,NA
33,400-SHG-40mW-30s,2024-07-23,10,0,laser,400.0,SHG,40.0,0.013,30.0,0.382,40.7,40.7,apoptotic_like,NA
34,400-SHG-40mW-30s,2024-07-23,10,0,laser,400.0,SHG,40.0,0.013,30.0,0.382,40.7,40.7,apoptotic_like,NA
35,400-SHG-40mW-30s,2024-07-23,11,0,laser,400.0,SHG,40.0,0.013,30.0,0.382,40.7,40.7,apoptotic_like,NA
36,400-SHG-40mW-30s,2024-07-23,11,0,laser,400.0,SHG,40.0,0.013,30.0,0.382,40.7,40.7,apoptotic_like,NA
37,400-SHG-40mW-30s,2024-07-23,11,0,laser,400.0,SHG,40.0,0.013,30.0,0.382,40.7,40.7,apoptotic_like,NA
38,400-SHG-40mW-30s,2024-07-23,12,0,laser,400.0,SHG,40.0,0.013,30.0,0.382,40.7,40.7,apoptotic_like,NA
39,400-SHG-40mW-30s,2024-07-23,12,0,laser,400.0,SHG,40.0,0.013,30.0,0.382,40.7,40.7,apoptotic_like,NA
40,400-SHG-40mW-30s,2024-07-23,12,0,laser,400.0,SHG,40.0,0.013,30.0,0.382,40.7,40.7,apoptotic_like,NA
41,400-SHG-40mW-10s,2024-07-23,1,0,laser,400.0,SHG,40.0,0.013,10.0,0.127,14.6,14.6,apoptotic_like,NA
42,400-SHG-40mW-10s,2024-07-23,1,0,laser,400.0,SHG,40.0,0.013,10.0,0.127,14.6,14.6,apoptotic_like,NA
43,400-SHG-40mW-10s,2024-07-23,1,0,laser,400.0,SHG,40.0,0.013,10.0,0.127,14.6,14.6,apoptotic_like,NA
44,400-SHG-40mW-10s,2024-07-23,2,0,laser,400.0,SHG,40.0,0.013,10.0,0.127,14.6,14.6,apoptotic_like,NA
45,400-SHG-40mW-10s,2024-07-23,2,0,laser,400.0,SHG,40.0,0.013,10.0,0.127,14.6,14.6,apoptotic_like,NA
46,400-SHG-40mW-10s,2024-07-23,2,0,laser,400.0,SHG,40.0,0.013,10.0,0.127,14.6,14.6,apoptotic_like,NA
47,400-SHG-40mW-10s,2024-07-23,3,0,laser,400.0,SHG,40.0,0.013,10.0,0.127,14.6,14.6,apoptotic_like,NA
48,400-SHG-40mW-10s,2024-07-23,3,0,laser,400.0,SHG,40.0,0.013,10.0,0.127,14.6,14.6,apoptotic_like,NA
49,400-SHG-40mW-10s,2024-07-23,3,0,laser,400.0,SHG,40.0,0.013,10.0,0.127,14.6,14.6,apoptotic_like,NA
50,400-SHG-40mW-10s,2024-07-23,3,0,laser,400.0,SHG,40.0,0.013,10.0,0.127,14.6,14.6,apoptotic_like,NA
51,400-SHG-40mW-10s,2024-07-23,4,0,laser,400.0,SHG,40.0,0.013,10.0,0.127,14.6,14.6,apoptotic_like,NA
52,400-SHG-40mW-10s,2024-07-23,4,0,laser,400.0,SHG,40.0,0.013,10.0,0.127,14.6,14.6,apoptotic_like,NA
53,400-SHG-40mW-10s,2024-07-23,4,0,laser,400.0,SHG,40.0,0.013,10.0,0.127,14.6,14.6,apoptotic_like,NA
54,400-SHG-40mW-10s,2024-07-23,5,0,laser,400.0,SHG,40.0,0.013,10.0,0.127,14.6,14.6,apoptotic_like,NA
55,400-SHG-40mW-10s,2024-07-23,5,0,laser,400.0,SHG,40.0,0.013,10.0,0.127,14.6,14.6,apoptotic_like,NA
56,400-SHG-40mW-10s,2024-07-23,5,0,laser,400.0,SHG,40.0,0.013,10.0,0.127,14.6,14.6,apoptotic_like,NA
57,400-SHG-40mW-10s,2024-07-23,6,0,laser,400.0,SHG,40.0,0.013,10.0,0.127,14.6,14.6,apoptotic_like,NA
58,400-SHG-40mW-10s,2024-07-23,6,0,laser,400.0,SHG,40.0,0.013,10.0,0.127,14.6,14.6,apoptotic_like,NA
59,400-SHG-40mW-10s,2024-07-23,6,0,laser,400.0,SHG,40.0,0.013,10.0,0.127,14.6,14.6,apoptotic_like,NA
60,400-SHG-40mW-10s,2024-07-23,7,0,laser,400.0,SHG,40.0,0.013,10.0,0.127,14.6,14.6,apoptotic_like,NA
61,400-SHG-40mW-10s,2024-07-23,7,0,laser,400.0,SHG,40.0,0.013,10.0,0.127,14.6,14.6,apoptotic_like,NA
62,400-SHG-40mW-10s,2024-07-23,7,0,laser,400.0,SHG,40.0,0.013,10.0,0.127,14.6,14.6,apoptotic_like,NA
63,400-SHG-40mW-10s,2024-07-23,8,0,laser,400.0,SHG,40.0,0.013,10.0,0.127,14.6,14.6,apoptotic_like,NA
64,400-SHG-40mW-10s,2024-07-23,8,0,laser,400.0,SHG,40.0,0.013,10.0,0.127,14.6,14.6,apoptotic_like,NA
65,400-SHG-40mW-10s,2024-07-23,8,0,laser,400.0,SHG,40.0,0.013,10.0,0.127,14.6,14.6,apoptotic_like,NA
66,400-SHG-40mW-10s,2024-07-23,9,0,laser,400.0,SHG,40.0,0.013,10.0,0.127,14.6,14.6,apoptotic_like,NA
67,400-SHG-40mW-10s,2024-07-23,9,0,laser,400.0,SHG,40.0,0.013,10.0,0.127,14.6,14.6,apoptotic_like,NA
68,400-SHG-40mW-10s,2024-07-23,9,0,laser,400.0,SHG,40.0,0.013,10.0,0.127,14.6,14.6,apoptotic_like,NA
69,400-SHG-40mW-10s,2024-07-23,9,0,laser,400.0,SHG,40.0,0.013,10.0,0.127,14.6,14.6,apoptotic_like,NA
70,400-SHG-40mW-10s,2024-07-23,10,0,laser,400.0,SHG,40.0,0.013,10.0,0.127,14.6,14.6,apoptotic_like,NA
71,400-SHG-40mW-10s,2024-07-23,10,0,laser,400.0,SHG,40.0,0.013,10.0,0.127,14.6,14.6,apoptotic_like,NA
72,400-SHG-40mW-10s,2024-07-23,10,0,laser,400.0,SHG,40.0,0.013,10.0,0.127,14.6,14.6,apoptotic_like,NA
73,400-SHG-40mW-10s,2024-07-23,11,0,laser,400.0,SHG,40.0,0.013,10.0,0.127,14.6,14.6,apoptotic_like,NA
74,400-SHG-40mW-10s,2024-07-23,11,0,laser,400.0,SHG,40.0,0.013,10.0,0.127,14.6,14.6,apoptotic_like,NA
75,400-SHG-40mW-10s,2024-07-23,11,0,laser,400.0,SHG,40.0,0.013,10.0,0.127,14.6,14.6,apoptotic_like,NA
76,400-SHG-40mW-10s,2024-07-23,12,0,laser,400.0,SHG,40.0,0.013,10.0,0.127,14.6,14.6,apoptotic_like,NA
77,400-SHG-40mW-10s,2024-07-23,12,0,laser,400.0,SHG,40.0,0.013,10.0,0.127,14.6,14.6,apoptotic_like,NA
78,400-SHG-40mW-10s,2024-07-23,12,0,laser,400.0,SHG,40.0,0.013,10.0,0.127,14.6,14.6,apoptotic_like,NA
79,400-SHG-40mW-5s,2024-07-23,1,0,laser,400.0,SHG,40.0,0.013,5.0,0.064,15.2,15.2,apoptotic_like,NA
80,400-SHG-40mW-5s,2024-07-23,1,0,laser,400.0,SHG,40.0,0.013,5.0,0.064,15.2,15.2,apoptotic_like,NA
81,400-SHG-40mW-5s,2024-07-23,1,0,laser,400.0,SHG,40.0,0.013,5.0,0.064,15.2,15.2,apoptotic_like,NA
82,400-SHG-40mW-5s,2024-07-23,2,0,laser,400.0,SHG,40.0,0.013,5.0,0.064,15.2,15.2,apoptotic_like,NA
83,400-SHG-40mW-5s,2024-07-23,2,0,laser,400.0,SHG,40.0,0.013,5.0,0.064,15.2,15.2,apoptotic_like,NA
84,400-SHG-40mW-5s,2024-07-23,2,0,laser,400.0,SHG,40.0,0.013,5.0,0.064,15.2,15.2,apoptotic_like,NA
85,400-SHG-40mW-5s,2024-07-23,3,0,laser,400.0,SHG,40.0,0.013,5.0,0.064,15.2,15.2,apoptotic_like,NA
86,400-SHG-40mW-5s,2024-07-23,3,0,laser,400.0,SHG,40.0,0.013,5.0,0.064,15.2,15.2,apoptotic_like,NA
87,400-SHG-40mW-5s,2024-07-23,3,0,laser,400.0,SHG,40.0,0.013,5.0,0.064,15.2,15.2,apoptotic_like,NA
88,400-SHG-40mW-5s,2024-07-23,4,0,laser,400.0,SHG,40.0,0.013,5.0,0.064,15.2,15.2,apoptotic_like,NA
89,400-SHG-40mW-5s,2024-07-23,4,0,laser,400.0,SHG,40.0,0.013,5.0,0.064,15.2,15.2,apoptotic_like,NA
90,400-SHG-40mW-5s,2024-07-23,4,0,laser,400.0,SHG,40.0,0.013,5.0,0.064,15.2,15.2,apoptotic_like,NA
91,400-SHG-40mW-5s,2024-07-23,5,0,laser,400.0,SHG,40.0,0.013,5.0,0.064,15.2,15.2,apoptotic_like,NA
92,400-SHG-40mW-5s,2024-07-23,5,0,laser,400.0,SHG,40.0,0.013,5.0,0.064,15.2,15.2,apoptotic_like,NA
93,400-SHG-40mW-5s,2024-07-23,5,0,laser,400.0,SHG,40.0,0.013,5.0,0.064,15.2,15.2,apoptotic_like,NA
94,400-SHG-40mW-5s,2024-07-23,6,0,laser,400.0,SHG,40.0,0.013,5.0,0.064,15.2,15.2,necrotic_like,NA
95,400-SHG-40mW-5s,2024-07-23,6,0,laser,400.0,SHG,40.0,0.013,5.0,0.064,15.2,15.2,apoptotic_like,NA
96,400-SHG-40mW-5s,2024-07-23,6,0,laser,400.0,SHG,40.0,0.013,5.0,0.064,15.2,15.2,apoptotic_like,NA
97,400-SHG-40mW-5s,2024-07-23,7,0,laser,400.0,SHG,40.0,0.013,5.0,0.064,15.2,15.2,apoptotic_like,NA
98,400-SHG-40mW-5s,2024-07-23,7,0,laser,400.0,SHG,40.0,0.013,5.0,0.064,15.2,15.2,apoptotic_like,NA
99,400-SHG-40mW-5s,2024-07-23,7,0,laser,400.0,SHG,40.0,0.013,5.0,0.064,15.2,15.2,apoptotic_like,NA
100,400-SHG-40mW-5s,2024-07-23,8,0,laser,400.0,SHG,40.0,0.013,5.0,0.064,15.2,15.2,apoptotic_like,NA
101,400-SHG-40mW-5s,2024-07-23,8,0,laser,400.0,SHG,40.0,0.013,5.0,0.064,15.2,15.2,apoptotic_like,NA
102,400-SHG-40mW-5s,2024-07-23,8,0,laser,400.0,SHG,40.0,0.013,5.0,0.064,15.2,15.2,apoptotic_like,NA
103,400-SHG-40mW-5s,2024-07-23,9,0,laser,400.0,SHG,40.0,0.013,5.0,0.064,15.2,15.2,apoptotic_like,NA
104,400-SHG-40mW-5s,2024-07-23,9,0,laser,400.0,SHG,40.0,0.013,5.0,0.064,15.2,15.2,apoptotic_like,NA
105,400-SHG-40mW-5s,2024-07-23,9,0,laser,400.0,SHG,40.0,0.013,5.0,0.064,15.2,15.2,apoptotic_like,NA
106,400-SHG-40mW-5s,2024-07-23,10,0,laser,400.0,SHG,40.0,0.013,5.0,0.064,15.2,15.2,apoptotic_like,NA
107,400-SHG-40mW-5s,2024-07-23,10,0,laser,400.0,SHG,40.0,0.013,5.0,0.064,15.2,15.2,apoptotic_like,NA
108,400-SHG-40mW-5s,2024-07-23,10,0,laser,400.0,SHG,40.0,0.013,5.0,0.064,15.2,15.2,apoptotic_like,NA
109,400-SHG-40mW-5s,2024-07-23,11,0,laser,400.0,SHG,40.0,0.013,5.0,0.064,15.2,15.2,apoptotic_like,NA
110,400-SHG-40mW-5s,2024-07-23,11,0,laser,400.0,SHG,40.0,0.013,5.0,0.064,15.2,15.2,apoptotic_like,NA
111,400-SHG-40mW-5s,2024-07-23,11,0,laser,400.0,SHG,40.0,0.013,5.0,0.064,15.2,15.2,apoptotic_like,NA
112,400-SHG-40mW-5s,2024-07-23,12,0,laser,400.0,SHG,40.0,0.013,5.0,0.064,15.2,15.2,apoptotic_like,NA
113,400-SHG-40mW-5s,2024-07-23,12,0,laser,400.0,SHG,40.0,0.013,5.0,0.064,15.2,15.2,apoptotic_like,NA
114,400-SHG-40mW-5s,2024-07-23,12,0,laser,400.0,SHG,40.0,0.013,5.0,0.064,15.2,15.2,apoptotic_like,NA
115,400-SHG-40mW-control,2024-07-23,1,1,NA,NA,NA,NA,NA,NA,NA,41.5,NA,NA,NA
116,400-SHG-40mW-control,2024-07-23,1,1,NA,NA,NA,NA,NA,NA,NA,41.5,NA,NA,NA
117,400-SHG-40mW-control,2024-07-23,1,1,NA,NA,NA,NA,NA,NA,NA,41.5,NA,NA,NA
118,400-SHG-40mW-control,2024-07-23,2,1,NA,NA,NA,NA,NA,NA,NA,41.5,NA,NA,NA
119,400-SHG-40mW-control,2024-07-23,2,1,NA,NA,NA,NA,NA,NA,NA,41.5,NA,NA,NA
120,400-SHG-40mW-control,2024-07-23,2,1,NA,NA,NA,NA,NA,NA,NA,41.5,NA,NA,NA
121,400-SHG-40mW-control,2024-07-23,3,1,NA,NA,NA,NA,NA,NA,NA,41.5,422.0,uncertain,death_after_hatch
122,400-SHG-40mW-control,2024-07-23,3,1,NA,NA,NA,NA,NA,NA,NA,41.5,NA,NA,NA
123,400-SHG-40mW-control,2024-07-23,3,1,NA,NA,NA,NA,NA,NA,NA,41.5,NA,NA,NA
124,400-SHG-40mW-control,2024-07-23,4,1,NA,NA,NA,NA,NA,NA,NA,41.5,NA,NA,NA
125,400-SHG-40mW-control,2024-07-23,4,1,NA,NA,NA,NA,NA,NA,NA,41.5,NA,NA,NA
126,400-SHG-40mW-control,2024-07-23,4,1,NA,NA,NA,NA,NA,NA,NA,41.5,NA,NA,NA
127,400-SHG-40mW-control,2024-07-23,4,1,NA,NA,NA,NA,NA,NA,NA,41.5,NA,NA,NA
128,400-SHG-40mW-control,2024-07-23,5,1,NA,NA,NA,NA,NA,NA,NA,41.5,NA,NA,NA
129,400-SHG-40mW-control,2024-07-23,5,1,NA,NA,NA,NA,NA,NA,NA,41.5,NA,NA,NA
130,400-SHG-40mW-control,2024-07-23,5,1,NA,NA,NA,NA,NA,NA,NA,41.5,NA,NA,NA
131,400-SHG-40mW-control,2024-07-23,6,1,NA,NA,NA,NA,NA,NA,NA,41.5,NA,NA,NA
132,400-SHG-40mW-control,2024-07-23,6,1,NA,NA,NA,NA,NA,NA,NA,41.5,NA,NA,NA
133,400-SHG-40mW-control,2024-07-23,6,1,NA,NA,NA,NA,NA,NA,NA,41.5,NA,NA,NA
134,400-SHG-40mW-control,2024-07-23,7,1,NA,NA,NA,NA,NA,NA,NA,41.5,NA,NA,NA
135,400-SHG-40mW-control,2024-07-23,7,1,NA,NA,NA,NA,NA,NA,NA,41.5,NA,NA,NA
136,400-SHG-40mW-control,2024-07-23,7,1,NA,NA,NA,NA,NA,NA,NA,41.5,NA,NA,NA
137,400-SHG-40mW-control,2024-07-23,8,1,NA,NA,NA,NA,NA,NA,NA,41.5,NA,NA,NA
138,400-SHG-40mW-control,2024-07-23,8,1,NA,NA,NA,NA,NA,NA,NA,41.5,NA,NA,NA
139,400-SHG-40mW-control,2024-07-23,8,1,NA,NA,NA,NA,NA,NA,NA,41.5,NA,NA,NA
140,400-SHG-40mW-control,2024-07-23,9,1,NA,NA,NA,NA,NA,NA,NA,41.5,NA,NA,NA
141,400-SHG-40mW-control,2024-07-23,9,1,NA,NA,NA,NA,NA,NA,NA,41.5,NA,NA,NA
142,400-SHG-40mW-control,2024-07-23,9,1,NA,NA,NA,NA,NA,NA,NA,41.5,NA,NA,NA
143,400-SHG-40mW-control,2024-07-23,10,1,NA,NA,NA,NA,NA,NA,NA,41.5,604.0,uncertain,death_after_hatch
144,400-SHG-40mW-control,2024-07-23,10,1,NA,NA,NA,NA,NA,NA,NA,41.5,NA,NA,NA
145,400-SHG-40mW-control,2024-07-23,10,1,NA,NA,NA,NA,NA,NA,NA,41.5,NA,NA,NA
146,400-SHG-40mW-control,2024-07-23,11,1,NA,NA,NA,NA,NA,NA,NA,41.5,NA,NA,NA
147,400-SHG-40mW-control,2024-07-23,11,1,NA,NA,NA,NA,NA,NA,NA,41.5,NA,NA,NA
148,400-SHG-40mW-control,2024-07-23,11,1,NA,NA,NA,NA,NA,NA,NA,41.5,NA,NA,NA
149,400-SHG-40mW-control,2024-07-23,12,1,NA,NA,NA,NA,NA,NA,NA,41.5,NA,NA,NA
150,400-SHG-40mW-control,2024-07-23,12,1,NA,NA,NA,NA,NA,NA,NA,41.5,NA,NA,NA
151,400-SHG-40mW-control,2024-07-23,12,1,NA,NA,NA,NA,NA,NA,NA,41.5,NA,NA,NA
152,400-SHG-30mW-10s,2024-07-06,1,0,laser,400.0,SHG,30.0,0.01,10.0,0.095,16.2,16.2,apoptotic_like,NA
153,400-SHG-30mW-10s,2024-07-06,1,0,laser,400.0,SHG,30.0,0.01,10.0,0.095,16.2,16.2,apoptotic_like,NA
154,400-SHG-30mW-10s,2024-07-06,1,0,laser,400.0,SHG,30.0,0.01,10.0,0.095,16.2,16.2,apoptotic_like,NA
155,400-SHG-30mW-10s,2024-07-06,2,0,laser,400.0,SHG,30.0,0.01,10.0,0.095,16.2,16.2,apoptotic_like,NA
156,400-SHG-30mW-10s,2024-07-06,2,0,laser,400.0,SHG,30.0,0.01,10.0,0.095,16.2,16.2,apoptotic_like,NA
157,400-SHG-30mW-10s,2024-07-06,2,0,laser,400.0,SHG,30.0,0.01,10.0,0.095,16.2,16.2,apoptotic_like,NA
158,400-SHG-30mW-10s,2024-07-06,3,0,laser,400.0,SHG,30.0,0.01,10.0,0.095,16.2,16.2,apoptotic_like,NA
159,400-SHG-30mW-10s,2024-07-06,3,0,laser,400.0,SHG,30.0,0.01,10.0,0.095,16.2,16.2,apoptotic_like,NA
160,400-SHG-30mW-10s,2024-07-06,4,0,laser,400.0,SHG,30.0,0.01,10.0,0.095,16.2,16.2,apoptotic_like,NA
161,400-SHG-30mW-10s,2024-07-06,4,0,laser,400.0,SHG,30.0,0.01,10.0,0.095,16.2,16.2,apoptotic_like,NA
162,400-SHG-30mW-10s,2024-07-06,4,0,laser,400.0,SHG,30.0,0.01,10.0,0.095,16.2,16.2,apoptotic_like,NA
163,400-SHG-30mW-10s,2024-07-06,4,0,laser,400.0,SHG,30.0,0.01,10.0,0.095,16.2,16.2,apoptotic_like,NA
164,400-SHG-30mW-10s,2024-07-06,5,0,laser,400.0,SHG,30.0,0.01,10.0,0.095,16.2,16.2,apoptotic_like,NA
165,400-SHG-30mW-10s,2024-07-06,5,0,laser,400.0,SHG,30.0,0.01,10.0,0.095,16.2,16.2,apoptotic_like,NA
166,400-SHG-30mW-10s,2024-07-06,5,0,laser,400.0,SHG,30.0,0.01,10.0,0.095,16.2,16.2,apoptotic_like,NA
167,400-SHG-30mW-10s,2024-07-06,6,0,laser,400.0,SHG,30.0,0.01,10.0,0.095,16.2,16.2,apoptotic_like,NA
168,400-SHG-30mW-10s,2024-07-06,6,0,laser,400.0,SHG,30.0,0.01,10.0,0.095,16.2,16.2,apoptotic_like,NA
169,400-SHG-30mW-10s,2024-07-06,6,0,laser,400.0,SHG,30.0,0.01,10.0,0.095,16.2,16.2,apoptotic_like,NA
170,400-SHG-30mW-10s,2024-07-06,6,0,laser,400.0,SHG,30.0,0.01,10.0,0.095,16.2,16.2,apoptotic_like,NA
171,400-SHG-30mW-10s,2024-07-06,7,0,laser,400.0,SHG,30.0,0.01,10.0,0.095,16.2,16.2,apoptotic_like,NA
172,400-SHG-30mW-10s,2024-07-06,7,0,laser,400.0,SHG,30.0,0.01,10.0,0.095,16.2,16.2,apoptotic_like,NA
173,400-SHG-30mW-10s,2024-07-06,7,0,laser,400.0,SHG,30.0,0.01,10.0,0.095,16.2,16.2,apoptotic_like,NA
174,400-SHG-30mW-10s,2024-07-06,7,0,laser,400.0,SHG,30.0,0.01,10.0,0.095,16.2,16.2,apoptotic_like,NA
175,400-SHG-30mW-10s,2024-07-06,8,0,laser,400.0,SHG,30.0,0.01,10.0,0.095,16.2,16.2,apoptotic_like,NA
176,400-SHG-30mW-10s,2024-07-06,8,0,laser,400.0,SHG,30.0,0.01,10.0,0.095,16.2,16.2,apoptotic_like,NA
177,400-SHG-30mW-10s,2024-07-06,8,0,laser,400.0,SHG,30.0,0.01,10.0,0.095,16.2,16.2,apoptotic_like,NA
178,400-SHG-30mW-10s,2024-07-06,8,0,laser,400.0,SHG,30.0,0.01,10.0,0.095,16.2,16.2,apoptotic_like,NA
179,400-SHG-30mW-10s,2024-07-06,9,0,laser,400.0,SHG,30.0,0.01,10.0,0.095,16.2,16.2,apoptotic_like,NA
180,400-SHG-30mW-10s,2024-07-06,9,0,laser,400.0,SHG,30.0,0.01,10.0,0.095,16.2,16.2,apoptotic_like,NA
181,400-SHG-30mW-10s,2024-07-06,9,0,laser,400.0,SHG,30.0,0.01,10.0,0.095,16.2,16.2,apoptotic_like,NA
182,400-SHG-30mW-10s,2024-07-06,10,0,laser,400.0,SHG,30.0,0.01,10.0,0.095,16.2,16.2,apoptotic_like,NA
183,400-SHG-30mW-10s,2024-07-06,10,0,laser,400.0,SHG,30.0,0.01,10.0,0.095,16.2,16.2,apoptotic_like,NA
184,400-SHG-30mW-10s,2024-07-06,10,0,laser,400.0,SHG,30.0,0.01,10.0,0.095,16.2,16.2,apoptotic_like,NA
185,400-SHG-30mW-10s,2024-07-06,11,0,laser,400.0,SHG,30.0,0.01,10.0,0.095,16.2,16.2,apoptotic_like,NA
186,400-SHG-30mW-10s,2024-07-06,11,0,laser,400.0,SHG,30.0,0.01,10.0,0.095,16.2,16.2,apoptotic_like,NA
187,400-SHG-30mW-10s,2024-07-06,11,0,laser,400.0,SHG,30.0,0.01,10.0,0.095,16.2,16.2,apoptotic_like,NA
188,400-SHG-30mW-10s,2024-07-06,11,0,laser,400.0,SHG,30.0,0.01,10.0,0.095,16.2,16.2,apoptotic_like,NA
189,400-SHG-30mW-10s,2024-07-06,12,0,laser,400.0,SHG,30.0,0.01,10.0,0.095,16.2,16.2,apoptotic_like,NA
190,400-SHG-30mW-10s,2024-07-06,12,0,laser,400.0,SHG,30.0,0.01,10.0,0.095,16.2,16.2,apoptotic_like,NA
191,400-SHG-30mW-10s,2024-07-06,12,0,laser,400.0,SHG,30.0,0.01,10.0,0.095,16.2,16.2,apoptotic_like,NA
192,400-SHG-30mW-5s,2024-07-06,1,0,laser,400.0,SHG,30.0,0.01,5.0,0.048,15.2,15.2,apoptotic_like,NA
193,400-SHG-30mW-5s,2024-07-06,1,0,laser,400.0,SHG,30.0,0.01,5.0,0.048,15.2,15.2,apoptotic_like,NA
194,400-SHG-30mW-5s,2024-07-06,1,0,laser,400.0,SHG,30.0,0.01,5.0,0.048,15.2,15.2,apoptotic_like,NA
195,400-SHG-30mW-5s,2024-07-06,2,0,laser,400.0,SHG,30.0,0.01,5.0,0.048,15.2,15.2,apoptotic_like,NA
196,400-SHG-30mW-5s,2024-07-06,2,0,laser,400.0,SHG,30.0,0.01,5.0,0.048,15.2,15.2,apoptotic_like,NA
197,400-SHG-30mW-5s,2024-07-06,2,0,laser,400.0,SHG,30.0,0.01,5.0,0.048,15.2,15.2,apoptotic_like,NA
198,400-SHG-30mW-5s,2024-07-06,2,0,laser,400.0,SHG,30.0,0.01,5.0,0.048,15.2,15.2,apoptotic_like,NA
199,400-SHG-30mW-5s,2024-07-06,3,0,laser,400.0,SHG,30.0,0.01,5.0,0.048,15.2,15.2,apoptotic_like,NA
200,400-SHG-30mW-5s,2024-07-06,3,0,laser,400.0,SHG,30.0,0.01,5.0,0.048,15.2,15.2,apoptotic_like,NA
201,400-SHG-30mW-5s,2024-07-06,3,0,laser,400.0,SHG,30.0,0.01,5.0,0.048,15.2,15.2,apoptotic_like,NA
202,400-SHG-30mW-5s,2024-07-06,3,0,laser,400.0,SHG,30.0,0.01,5.0,0.048,15.2,15.2,apoptotic_like,NA
203,400-SHG-30mW-5s,2024-07-06,4,0,laser,400.0,SHG,30.0,0.01,5.0,0.048,15.2,15.2,apoptotic_like,NA
204,400-SHG-30mW-5s,2024-07-06,4,0,laser,400.0,SHG,30.0,0.01,5.0,0.048,15.2,15.2,apoptotic_like,NA
205,400-SHG-30mW-5s,2024-07-06,4,0,laser,400.0,SHG,30.0,0.01,5.0,0.048,15.2,15.2,apoptotic_like,NA
206,400-SHG-30mW-5s,2024-07-06,5,0,laser,400.0,SHG,30.0,0.01,5.0,0.048,15.2,15.2,apoptotic_like,NA
207,400-SHG-30mW-5s,2024-07-06,5,0,laser,400.0,SHG,30.0,0.01,5.0,0.048,15.2,15.2,apoptotic_like,NA
208,400-SHG-30mW-5s,2024-07-06,5,0,laser,400.0,SHG,30.0,0.01,5.0,0.048,15.2,15.2,apoptotic_like,NA
209,400-SHG-30mW-5s,2024-07-06,6,0,laser,400.0,SHG,30.0,0.01,5.0,0.048,15.2,15.2,apoptotic_like,NA
210,400-SHG-30mW-5s,2024-07-06,6,0,laser,400.0,SHG,30.0,0.01,5.0,0.048,15.2,15.2,apoptotic_like,NA
211,400-SHG-30mW-5s,2024-07-06,6,0,laser,400.0,SHG,30.0,0.01,5.0,0.048,15.2,15.2,apoptotic_like,NA
212,400-SHG-30mW-5s,2024-07-06,6,0,laser,400.0,SHG,30.0,0.01,5.0,0.048,15.2,15.2,apoptotic_like,NA
213,400-SHG-30mW-5s,2024-07-06,7,0,laser,400.0,SHG,30.0,0.01,5.0,0.048,15.2,15.2,apoptotic_like,NA
214,400-SHG-30mW-5s,2024-07-06,7,0,laser,400.0,SHG,30.0,0.01,5.0,0.048,15.2,15.2,apoptotic_like,NA
215,400-SHG-30mW-5s,2024-07-06,7,0,laser,400.0,SHG,30.0,0.01,5.0,0.048,15.2,15.2,apoptotic_like,NA
216,400-SHG-30mW-5s,2024-07-06,8,0,laser,400.0,SHG,30.0,0.01,5.0,0.048,15.2,15.2,apoptotic_like,NA
217,400-SHG-30mW-5s,2024-07-06,8,0,laser,400.0,SHG,30.0,0.01,5.0,0.048,15.2,15.2,apoptotic_like,NA
218,400-SHG-30mW-5s,2024-07-06,8,0,laser,400.0,SHG,30.0,0.01,5.0,0.048,15.2,15.2,apoptotic_like,NA
219,400-SHG-30mW-5s,2024-07-06,9,0,laser,400.0,SHG,30.0,0.01,5.0,0.048,15.2,15.2,apoptotic_like,NA
220,400-SHG-30mW-5s,2024-07-06,9,0,laser,400.0,SHG,30.0,0.01,5.0,0.048,15.2,15.2,apoptotic_like,NA
221,400-SHG-30mW-5s,2024-07-06,9,0,laser,400.0,SHG,30.0,0.01,5.0,0.048,15.2,15.2,apoptotic_like,NA
222,400-SHG-30mW-5s,2024-07-06,10,0,laser,400.0,SHG,30.0,0.01,5.0,0.048,15.2,15.2,apoptotic_like,NA
223,400-SHG-30mW-5s,2024-07-06,10,0,laser,400.0,SHG,30.0,0.01,5.0,0.048,15.2,15.2,apoptotic_like,NA
224,400-SHG-30mW-5s,2024-07-06,10,0,laser,400.0,SHG,30.0,0.01,5.0,0.048,15.2,15.2,apoptotic_like,NA
225,400-SHG-30mW-5s,2024-07-06,11,0,laser,400.0,SHG,30.0,0.01,5.0,0.048,15.2,15.2,apoptotic_like,NA
226,400-SHG-30mW-5s,2024-07-06,11,0,laser,400.0,SHG,30.0,0.01,5.0,0.048,15.2,15.2,apoptotic_like,NA
227,400-SHG-30mW-5s,2024-07-06,11,0,laser,400.0,SHG,30.0,0.01,5.0,0.048,15.2,15.2,apoptotic_like,NA
228,400-SHG-30mW-5s,2024-07-06,12,0,laser,400.0,SHG,30.0,0.01,5.0,0.048,15.2,15.2,apoptotic_like,NA
229,400-SHG-30mW-5s,2024-07-06,12,0,laser,400.0,SHG,30.0,0.01,5.0,0.048,15.2,15.2,apoptotic_like,NA
230,400-SHG-30mW-5s,2024-07-06,12,0,laser,400.0,SHG,30.0,0.01,5.0,0.048,15.2,15.2,apoptotic_like,exit_egg
231,400-SHG-20mW-10s,2024-08-12,1,0,laser,400.0,SHG,20.0,0.006,10.0,0.064,17.7,18.8,apoptotic_like,NA
232,400-SHG-20mW-10s,2024-08-12,1,0,laser,400.0,SHG,20.0,0.006,10.0,0.064,17.7,17.7,apoptotic_like,NA
233,400-SHG-20mW-10s,2024-08-12,1,0,laser,400.0,SHG,20.0,0.006,10.0,0.064,17.7,17.7,apoptotic_like,NA
234,400-SHG-20mW-10s,2024-08-12,2,0,laser,400.0,SHG,20.0,0.006,10.0,0.064,17.7,17.7,apoptotic_like,NA
235,400-SHG-20mW-10s,2024-08-12,2,0,laser,400.0,SHG,20.0,0.006,10.0,0.064,17.7,17.7,apoptotic_like,NA
236,400-SHG-20mW-10s,2024-08-12,2,0,laser,400.0,SHG,20.0,0.006,10.0,0.064,17.7,17.7,apoptotic_like,NA
237,400-SHG-20mW-10s,2024-08-12,3,0,laser,400.0,SHG,20.0,0.006,10.0,0.064,17.7,17.7,apoptotic_like,NA
238,400-SHG-20mW-10s,2024-08-12,3,0,laser,400.0,SHG,20.0,0.006,10.0,0.064,17.7,17.7,apoptotic_like,NA
239,400-SHG-20mW-10s,2024-08-12,3,0,laser,400.0,SHG,20.0,0.006,10.0,0.064,17.7,17.7,apoptotic_like,NA
240,400-SHG-20mW-10s,2024-08-12,3,0,laser,400.0,SHG,20.0,0.006,10.0,0.064,17.7,17.7,apoptotic_like,NA
241,400-SHG-20mW-10s,2024-08-12,4,0,laser,400.0,SHG,20.0,0.006,10.0,0.064,17.7,22.6,apoptotic_like,NA
242,400-SHG-20mW-10s,2024-08-12,4,0,laser,400.0,SHG,20.0,0.006,10.0,0.064,17.7,20.2,apoptotic_like,NA
243,400-SHG-20mW-10s,2024-08-12,4,0,laser,400.0,SHG,20.0,0.006,10.0,0.064,17.7,17.7,apoptotic_like,NA
244,400-SHG-20mW-10s,2024-08-12,5,0,laser,400.0,SHG,20.0,0.006,10.0,0.064,17.7,17.7,apoptotic_like,NA
245,400-SHG-20mW-10s,2024-08-12,5,0,laser,400.0,SHG,20.0,0.006,10.0,0.064,17.7,17.7,apoptotic_like,NA
246,400-SHG-20mW-10s,2024-08-12,5,0,laser,400.0,SHG,20.0,0.006,10.0,0.064,17.7,17.7,apoptotic_like,NA
247,400-SHG-20mW-10s,2024-08-12,6,0,laser,400.0,SHG,20.0,0.006,10.0,0.064,17.7,21.3,apoptotic_like,NA
248,400-SHG-20mW-10s,2024-08-12,6,0,laser,400.0,SHG,20.0,0.006,10.0,0.064,17.7,21.3,apoptotic_like,NA
249,400-SHG-20mW-10s,2024-08-12,6,0,laser,400.0,SHG,20.0,0.006,10.0,0.064,17.7,21.3,apoptotic_like,NA
250,400-SHG-20mW-10s,2024-08-12,7,0,laser,400.0,SHG,20.0,0.006,10.0,0.064,17.7,28.6,apoptotic_like,NA
251,400-SHG-20mW-10s,2024-08-12,7,0,laser,400.0,SHG,20.0,0.006,10.0,0.064,17.7,17.7,apoptotic_like,NA
252,400-SHG-20mW-10s,2024-08-12,7,0,laser,400.0,SHG,20.0,0.006,10.0,0.064,17.7,17.7,apoptotic_like,NA
253,400-SHG-20mW-10s,2024-08-12,8,0,laser,400.0,SHG,20.0,0.006,10.0,0.064,17.7,19.1,apoptotic_like,NA
254,400-SHG-20mW-10s,2024-08-12,8,0,laser,400.0,SHG,20.0,0.006,10.0,0.064,17.7,17.7,apoptotic_like,NA
255,400-SHG-20mW-10s,2024-08-12,8,0,laser,400.0,SHG,20.0,0.006,10.0,0.064,17.7,17.7,apoptotic_like,NA
256,400-SHG-20mW-10s,2024-08-12,9,0,laser,400.0,SHG,20.0,0.006,10.0,0.064,17.7,17.7,apoptotic_like,NA
257,400-SHG-20mW-10s,2024-08-12,9,0,laser,400.0,SHG,20.0,0.006,10.0,0.064,17.7,22.7,apoptotic_like,NA
258,400-SHG-20mW-10s,2024-08-12,9,0,laser,400.0,SHG,20.0,0.006,10.0,0.064,17.7,17.7,apoptotic_like,NA
259,400-SHG-20mW-10s,2024-08-12,10,0,laser,400.0,SHG,20.0,0.006,10.0,0.064,17.7,19.2,apoptotic_like,NA
260,400-SHG-20mW-10s,2024-08-12,10,0,laser,400.0,SHG,20.0,0.006,10.0,0.064,17.7,19.2,apoptotic_like,NA
261,400-SHG-20mW-10s,2024-08-12,10,0,laser,400.0,SHG,20.0,0.006,10.0,0.064,17.7,17.7,apoptotic_like,NA
262,400-SHG-20mW-10s,2024-08-12,11,0,laser,400.0,SHG,20.0,0.006,10.0,0.064,17.7,17.7,apoptotic_like,NA
263,400-SHG-20mW-10s,2024-08-12,11,0,laser,400.0,SHG,20.0,0.006,10.0,0.064,17.7,19.7,apoptotic_like,NA
264,400-SHG-20mW-10s,2024-08-12,11,0,laser,400.0,SHG,20.0,0.006,10.0,0.064,17.7,19.7,apoptotic_like,NA
265,400-SHG-20mW-10s,2024-08-12,12,0,laser,400.0,SHG,20.0,0.006,10.0,0.064,17.7,17.7,apoptotic_like,NA
266,400-SHG-20mW-10s,2024-08-12,12,0,laser,400.0,SHG,20.0,0.006,10.0,0.064,17.7,17.7,apoptotic_like,NA
267,400-SHG-20mW-10s,2024-08-12,12,0,laser,400.0,SHG,20.0,0.006,10.0,0.064,17.7,21.7,apoptotic_like,NA
268,400-SHG-20mW-5s,2024-08-12,1,0,laser,400.0,SHG,20.0,0.006,5.0,0.032,17.0,17.0,apoptotic_like,NA
269,400-SHG-20mW-5s,2024-08-12,1,0,laser,400.0,SHG,20.0,0.006,5.0,0.032,17.0,17.0,apoptotic_like,NA
270,400-SHG-20mW-5s,2024-08-12,1,0,laser,400.0,SHG,20.0,0.006,5.0,0.032,17.0,17.0,apoptotic_like,NA
271,400-SHG-20mW-5s,2024-08-12,2,0,laser,400.0,SHG,20.0,0.006,5.0,0.032,17.0,18.0,apoptotic_like,NA
272,400-SHG-20mW-5s,2024-08-12,2,0,laser,400.0,SHG,20.0,0.006,5.0,0.032,17.0,17.0,apoptotic_like,NA
273,400-SHG-20mW-5s,2024-08-12,2,0,laser,400.0,SHG,20.0,0.006,5.0,0.032,17.0,17.0,necrotic_like,NA
274,400-SHG-20mW-5s,2024-08-12,3,0,laser,400.0,SHG,20.0,0.006,5.0,0.032,17.0,17.0,apoptotic_like,NA
275,400-SHG-20mW-5s,2024-08-12,3,0,laser,400.0,SHG,20.0,0.006,5.0,0.032,17.0,17.0,apoptotic_like,NA
276,400-SHG-20mW-5s,2024-08-12,3,0,laser,400.0,SHG,20.0,0.006,5.0,0.032,17.0,17.0,apoptotic_like,NA
277,400-SHG-20mW-5s,2024-08-12,4,0,laser,400.0,SHG,20.0,0.006,5.0,0.032,17.0,17.0,apoptotic_like,NA
278,400-SHG-20mW-5s,2024-08-12,4,0,laser,400.0,SHG,20.0,0.006,5.0,0.032,17.0,17.0,apoptotic_like,NA
279,400-SHG-20mW-5s,2024-08-12,4,0,laser,400.0,SHG,20.0,0.006,5.0,0.032,17.0,17.0,apoptotic_like,NA
280,400-SHG-20mW-5s,2024-08-12,5,0,laser,400.0,SHG,20.0,0.006,5.0,0.032,17.0,17.0,apoptotic_like,NA
281,400-SHG-20mW-5s,2024-08-12,5,0,laser,400.0,SHG,20.0,0.006,5.0,0.032,17.0,17.0,apoptotic_like,NA
282,400-SHG-20mW-5s,2024-08-12,6,0,laser,400.0,SHG,20.0,0.006,5.0,0.032,17.0,18.2,apoptotic_like,NA
283,400-SHG-20mW-5s,2024-08-12,6,0,laser,400.0,SHG,20.0,0.006,5.0,0.032,17.0,17.0,apoptotic_like,NA
284,400-SHG-20mW-5s,2024-08-12,6,0,laser,400.0,SHG,20.0,0.006,5.0,0.032,17.0,17.0,apoptotic_like,NA
285,400-SHG-20mW-5s,2024-08-12,7,0,laser,400.0,SHG,20.0,0.006,5.0,0.032,17.0,17.0,apoptotic_like,NA
286,400-SHG-20mW-5s,2024-08-12,7,0,laser,400.0,SHG,20.0,0.006,5.0,0.032,17.0,17.0,apoptotic_like,NA
287,400-SHG-20mW-5s,2024-08-12,7,0,laser,400.0,SHG,20.0,0.006,5.0,0.032,17.0,17.0,apoptotic_like,NA
288,400-SHG-20mW-5s,2024-08-12,8,0,laser,400.0,SHG,20.0,0.006,5.0,0.032,17.0,17.0,apoptotic_like,NA
289,400-SHG-20mW-5s,2024-08-12,8,0,laser,400.0,SHG,20.0,0.006,5.0,0.032,17.0,17.0,apoptotic_like,NA
290,400-SHG-20mW-5s,2024-08-12,8,0,laser,400.0,SHG,20.0,0.006,5.0,0.032,17.0,17.0,apoptotic_like,NA
291,400-SHG-20mW-5s,2024-08-12,9,0,laser,400.0,SHG,20.0,0.006,5.0,0.032,17.0,17.0,apoptotic_like,NA
292,400-SHG-20mW-5s,2024-08-12,9,0,laser,400.0,SHG,20.0,0.006,5.0,0.032,17.0,17.0,apoptotic_like,NA
293,400-SHG-20mW-5s,2024-08-12,9,0,laser,400.0,SHG,20.0,0.006,5.0,0.032,17.0,17.0,apoptotic_like,NA
294,400-SHG-20mW-5s,2024-08-12,9,0,laser,400.0,SHG,20.0,0.006,5.0,0.032,17.0,17.0,apoptotic_like,NA
295,400-SHG-20mW-5s,2024-08-12,10,0,laser,400.0,SHG,20.0,0.006,5.0,0.032,17.0,17.0,apoptotic_like,NA
296,400-SHG-20mW-5s,2024-08-12,10,0,laser,400.0,SHG,20.0,0.006,5.0,0.032,17.0,17.0,apoptotic_like,NA
297,400-SHG-20mW-5s,2024-08-12,10,0,laser,400.0,SHG,20.0,0.006,5.0,0.032,17.0,17.0,apoptotic_like,NA
298,400-SHG-20mW-5s,2024-08-12,11,0,laser,400.0,SHG,20.0,0.006,5.0,0.032,17.0,20.5,apoptotic_like,NA
299,400-SHG-20mW-5s,2024-08-12,11,0,laser,400.0,SHG,20.0,0.006,5.0,0.032,17.0,17.0,apoptotic_like,NA
300,400-SHG-20mW-5s,2024-08-12,11,0,laser,400.0,SHG,20.0,0.006,5.0,0.032,17.0,17.0,apoptotic_like,NA
301,400-SHG-20mW-5s,2024-08-12,12,0,laser,400.0,SHG,20.0,0.006,5.0,0.032,17.0,17.0,apoptotic_like,NA
302,400-SHG-20mW-5s,2024-08-12,12,0,laser,400.0,SHG,20.0,0.006,5.0,0.032,17.0,19.0,apoptotic_like,NA
303,400-SHG-20mW-5s,2024-08-12,12,0,laser,400.0,SHG,20.0,0.006,5.0,0.032,17.0,17.0,apoptotic_like,NA
304,400-SHG-20mW-control,2024-08-12,1,1,NA,NA,NA,NA,NA,NA,NA,39.0,688.0,uncertain,death_after_hatch
305,400-SHG-20mW-control,2024-08-12,1,1,NA,NA,NA,NA,NA,NA,NA,39.0,NA,NA,NA
306,400-SHG-20mW-control,2024-08-12,1,1,NA,NA,NA,NA,NA,NA,NA,39.0,NA,NA,NA
307,400-SHG-20mW-control,2024-08-12,2,1,NA,NA,NA,NA,NA,NA,NA,39.0,NA,NA,NA
308,400-SHG-20mW-control,2024-08-12,2,1,NA,NA,NA,NA,NA,NA,NA,39.0,590.0,uncertain,death_after_hatch
309,400-SHG-20mW-control,2024-08-12,2,1,NA,NA,NA,NA,NA,NA,NA,39.0,NA,NA,NA
310,400-SHG-20mW-control,2024-08-12,3,1,NA,NA,NA,NA,NA,NA,NA,39.0,NA,NA,NA
311,400-SHG-20mW-control,2024-08-12,3,1,NA,NA,NA,NA,NA,NA,NA,39.0,NA,NA,NA
312,400-SHG-20mW-control,2024-08-12,3,1,NA,NA,NA,NA,NA,NA,NA,39.0,NA,NA,NA
313,400-SHG-20mW-control,2024-08-12,4,1,NA,NA,NA,NA,NA,NA,NA,39.0,654.0,uncertain,death_after_hatch
314,400-SHG-20mW-control,2024-08-12,4,1,NA,NA,NA,NA,NA,NA,NA,39.0,NA,NA,NA
315,400-SHG-20mW-control,2024-08-12,4,1,NA,NA,NA,NA,NA,NA,NA,39.0,NA,NA,NA
316,400-SHG-20mW-control,2024-08-12,5,1,NA,NA,NA,NA,NA,NA,NA,39.0,NA,NA,NA
317,400-SHG-20mW-control,2024-08-12,5,1,NA,NA,NA,NA,NA,NA,NA,39.0,NA,NA,NA
318,400-SHG-20mW-control,2024-08-12,5,1,NA,NA,NA,NA,NA,NA,NA,39.0,NA,NA,NA
319,400-SHG-20mW-control,2024-08-12,6,1,NA,NA,NA,NA,NA,NA,NA,39.0,217.0,uncertain,death_after_hatch
320,400-SHG-20mW-control,2024-08-12,6,1,NA,NA,NA,NA,NA,NA,NA,39.0,567.0,uncertain,death_after_hatch
321,400-SHG-20mW-control,2024-08-12,6,1,NA,NA,NA,NA,NA,NA,NA,39.0,626.0,uncertain,exit_egg
322,400-SHG-20mW-control,2024-08-12,7,1,NA,NA,NA,NA,NA,NA,NA,39.0,NA,NA,NA
323,400-SHG-20mW-control,2024-08-12,7,1,NA,NA,NA,NA,NA,NA,NA,39.0,NA,NA,NA
324,400-SHG-20mW-control,2024-08-12,7,1,NA,NA,NA,NA,NA,NA,NA,39.0,NA,NA,NA
325,400-SHG-20mW-control,2024-08-12,8,1,NA,NA,NA,NA,NA,NA,NA,39.0,NA,NA,NA
326,400-SHG-20mW-control,2024-08-12,8,1,NA,NA,NA,NA,NA,NA,NA,39.0,NA,NA,NA
327,400-SHG-20mW-control,2024-08-12,8,1,NA,NA,NA,NA,NA,NA,NA,39.0,NA,NA,NA
328,400-SHG-20mW-control,2024-08-12,9,1,NA,NA,NA,NA,NA,NA,NA,39.0,NA,NA,NA
329,400-SHG-20mW-control,2024-08-12,9,1,NA,NA,NA,NA,NA,NA,NA,39.0,NA,NA,NA
330,400-SHG-20mW-control,2024-08-12,9,1,NA,NA,NA,NA,NA,NA,NA,39.0,NA,NA,NA
331,400-SHG-20mW-control,2024-08-12,10,1,NA,NA,NA,NA,NA,NA,NA,39.0,NA,NA,NA
332,400-SHG-20mW-control,2024-08-12,10,1,NA,NA,NA,NA,NA,NA,NA,39.0,NA,NA,NA
333,400-SHG-20mW-control,2024-08-12,10,1,NA,NA,NA,NA,NA,NA,NA,39.0,NA,NA,NA
334,400-SHG-20mW-control,2024-08-12,11,1,NA,NA,NA,NA,NA,NA,NA,39.0,NA,NA,NA
335,400-SHG-20mW-control,2024-08-12,11,1,NA,NA,NA,NA,NA,NA,NA,39.0,NA,NA,NA
336,400-SHG-20mW-control,2024-08-12,11,1,NA,NA,NA,NA,NA,NA,NA,39.0,NA,NA,NA
337,400-SHG-20mW-control,2024-08-12,12,1,NA,NA,NA,NA,NA,NA,NA,39.0,NA,NA,NA
338,400-SHG-20mW-control,2024-08-12,12,1,NA,NA,NA,NA,NA,NA,NA,39.0,NA,NA,NA
339,400-SHG-20mW-control,2024-08-12,12,1,NA,NA,NA,NA,NA,NA,NA,39.0,NA,NA,NA
340,400-SHG-15mW-10s,2024-08-20,1,0,laser,400.0,SHG,15.0,0.005,10.0,0.048,16.8,24.0,apoptotic_like,exit_egg
341,400-SHG-15mW-10s,2024-08-20,1,0,laser,400.0,SHG,15.0,0.005,10.0,0.048,16.8,164.0,apoptotic_like,exit_egg
342,400-SHG-15mW-10s,2024-08-20,1,0,laser,400.0,SHG,15.0,0.005,10.0,0.048,16.8,224.0,apoptotic_like,exit_egg
343,400-SHG-15mW-10s,2024-08-20,2,0,laser,400.0,SHG,15.0,0.005,10.0,0.048,16.8,16.8,apoptotic_like,exit_egg
344,400-SHG-15mW-10s,2024-08-20,2,0,laser,400.0,SHG,15.0,0.005,10.0,0.048,16.8,16.8,apoptotic_like,exit_egg
345,400-SHG-15mW-10s,2024-08-20,2,0,laser,400.0,SHG,15.0,0.005,10.0,0.048,16.8,16.8,apoptotic_like,exit_egg
346,400-SHG-15mW-10s,2024-08-20,3,0,laser,400.0,SHG,15.0,0.005,10.0,0.048,16.8,16.8,apoptotic_like,exit_egg
347,400-SHG-15mW-10s,2024-08-20,3,0,laser,400.0,SHG,15.0,0.005,10.0,0.048,16.8,16.8,apoptotic_like,exit_egg
348,400-SHG-15mW-10s,2024-08-20,3,0,laser,400.0,SHG,15.0,0.005,10.0,0.048,16.8,16.8,apoptotic_like,exit_egg
349,400-SHG-15mW-10s,2024-08-20,3,0,laser,400.0,SHG,15.0,0.005,10.0,0.048,16.8,32.0,apoptotic_like,exit_egg
350,400-SHG-15mW-10s,2024-08-20,4,0,laser,400.0,SHG,15.0,0.005,10.0,0.048,16.8,402.0,apoptotic_like,NA
351,400-SHG-15mW-10s,2024-08-20,4,0,laser,400.0,SHG,15.0,0.005,10.0,0.048,16.8,24.5,apoptotic_like,exit_egg
352,400-SHG-15mW-10s,2024-08-20,4,0,laser,400.0,SHG,15.0,0.005,10.0,0.048,16.8,190.0,apoptotic_like,exit_egg
353,400-SHG-15mW-10s,2024-08-20,4,0,laser,400.0,SHG,15.0,0.005,10.0,0.048,16.8,190.0,apoptotic_like,exit_egg
354,400-SHG-15mW-10s,2024-08-20,5,0,laser,400.0,SHG,15.0,0.005,10.0,0.048,16.8,230.0,apoptotic_like,exit_egg
355,400-SHG-15mW-10s,2024-08-20,5,0,laser,400.0,SHG,15.0,0.005,10.0,0.048,16.8,25.0,apoptotic_like,exit_egg
356,400-SHG-15mW-10s,2024-08-20,5,0,laser,400.0,SHG,15.0,0.005,10.0,0.048,16.8,25.0,apoptotic_like,exit_egg
357,400-SHG-15mW-10s,2024-08-20,6,0,laser,400.0,SHG,15.0,0.005,10.0,0.048,16.8,16.8,apoptotic_like,exit_egg
358,400-SHG-15mW-10s,2024-08-20,6,0,laser,400.0,SHG,15.0,0.005,10.0,0.048,16.8,213.0,apoptotic_like,exit_egg
359,400-SHG-15mW-10s,2024-08-20,6,0,laser,400.0,SHG,15.0,0.005,10.0,0.048,16.8,122.0,apoptotic_like,exit_egg
360,400-SHG-15mW-10s,2024-08-20,7,0,laser,400.0,SHG,15.0,0.005,10.0,0.048,16.8,16.8,apoptotic_like,exit_egg
361,400-SHG-15mW-10s,2024-08-20,7,0,laser,400.0,SHG,15.0,0.005,10.0,0.048,16.8,220.0,apoptotic_like,exit_egg
362,400-SHG-15mW-10s,2024-08-20,7,0,laser,400.0,SHG,15.0,0.005,10.0,0.048,16.8,113.0,apoptotic_like,exit_egg
363,400-SHG-15mW-10s,2024-08-20,8,0,laser,400.0,SHG,15.0,0.005,10.0,0.048,16.8,16.8,apoptotic_like,exit_egg
364,400-SHG-15mW-10s,2024-08-20,8,0,laser,400.0,SHG,15.0,0.005,10.0,0.048,16.8,50.0,apoptotic_like,exit_egg
365,400-SHG-15mW-10s,2024-08-20,8,0,laser,400.0,SHG,15.0,0.005,10.0,0.048,16.8,37.5,apoptotic_like,NA
366,400-SHG-15mW-10s,2024-08-20,9,0,laser,400.0,SHG,15.0,0.005,10.0,0.048,16.8,16.8,apoptotic_like,exit_egg
367,400-SHG-15mW-10s,2024-08-20,9,0,laser,400.0,SHG,15.0,0.005,10.0,0.048,16.8,148.0,apoptotic_like,exit_egg
368,400-SHG-15mW-10s,2024-08-20,9,0,laser,400.0,SHG,15.0,0.005,10.0,0.048,16.8,200.0,apoptotic_like,exit_egg
369,400-SHG-15mW-10s,2024-08-20,10,0,laser,400.0,SHG,15.0,0.005,10.0,0.048,16.8,16.8,apoptotic_like,exit_egg
370,400-SHG-15mW-10s,2024-08-20,10,0,laser,400.0,SHG,15.0,0.005,10.0,0.048,16.8,24.0,apoptotic_like,exit_egg
371,400-SHG-15mW-10s,2024-08-20,10,0,laser,400.0,SHG,15.0,0.005,10.0,0.048,16.8,220.0,apoptotic_like,exit_egg
372,400-SHG-15mW-10s,2024-08-20,11,0,laser,400.0,SHG,15.0,0.005,10.0,0.048,16.8,20.0,apoptotic_like,exit_egg
373,400-SHG-15mW-10s,2024-08-20,11,0,laser,400.0,SHG,15.0,0.005,10.0,0.048,16.8,103.0,apoptotic_like,exit_egg
374,400-SHG-15mW-10s,2024-08-20,11,0,laser,400.0,SHG,15.0,0.005,10.0,0.048,16.8,240.0,apoptotic_like,exit_egg
375,400-SHG-15mW-10s,2024-08-20,12,0,laser,400.0,SHG,15.0,0.005,10.0,0.048,16.8,20.0,apoptotic_like,exit_egg
376,400-SHG-15mW-10s,2024-08-20,12,0,laser,400.0,SHG,15.0,0.005,10.0,0.048,16.8,20.0,apoptotic_like,exit_egg
377,400-SHG-15mW-10s,2024-08-20,12,0,laser,400.0,SHG,15.0,0.005,10.0,0.048,16.8,227.0,apoptotic_like,NA
378,400-SHG-15mW-5s,2024-08-20,1,0,laser,400.0,SHG,15.0,0.005,5.0,0.024,17.5,17.5,necrotic_like,exit_egg
379,400-SHG-15mW-5s,2024-08-20,1,0,laser,400.0,SHG,15.0,0.005,5.0,0.024,17.5,183.0,apoptotic_like,NA
380,400-SHG-15mW-5s,2024-08-20,1,0,laser,400.0,SHG,15.0,0.005,5.0,0.024,17.5,257.0,apoptotic_like,NA
381,400-SHG-15mW-5s,2024-08-20,2,0,laser,400.0,SHG,15.0,0.005,5.0,0.024,17.5,155.0,Uncertain,exit_egg
382,400-SHG-15mW-5s,2024-08-20,2,0,laser,400.0,SHG,15.0,0.005,5.0,0.024,17.5,199.0,apoptotic_like,NA
383,400-SHG-15mW-5s,2024-08-20,2,0,laser,400.0,SHG,15.0,0.005,5.0,0.024,17.5,NA,NA,NA
384,400-SHG-15mW-5s,2024-08-20,3,0,laser,400.0,SHG,15.0,0.005,5.0,0.024,17.5,150.0,apoptotic_like,exit_egg
385,400-SHG-15mW-5s,2024-08-20,3,0,laser,400.0,SHG,15.0,0.005,5.0,0.024,17.5,180.0,apoptotic_like,exit_egg
386,400-SHG-15mW-5s,2024-08-20,3,0,laser,400.0,SHG,15.0,0.005,5.0,0.024,17.5,360.0,apoptotic_like,exit_egg
387,400-SHG-15mW-5s,2024-08-20,3,0,laser,400.0,SHG,15.0,0.005,5.0,0.024,17.5,420.0,apoptotic_like,exit_egg
388,400-SHG-15mW-5s,2024-08-20,4,0,laser,400.0,SHG,15.0,0.005,5.0,0.024,17.5,191.0,apoptotic_like,exit_egg
389,400-SHG-15mW-5s,2024-08-20,4,0,laser,400.0,SHG,15.0,0.005,5.0,0.024,17.5,235.0,apoptotic_like,NA
390,400-SHG-15mW-5s,2024-08-20,4,0,laser,400.0,SHG,15.0,0.005,5.0,0.024,17.5,290.0,apoptotic_like,NA
391,400-SHG-15mW-5s,2024-08-20,4,0,laser,400.0,SHG,15.0,0.005,5.0,0.024,17.5,330.0,apoptotic_like,NA
392,400-SHG-15mW-5s,2024-08-20,5,0,laser,400.0,SHG,15.0,0.005,5.0,0.024,17.5,87.0,uncertain,death_after_hatch
393,400-SHG-15mW-5s,2024-08-20,5,0,laser,400.0,SHG,15.0,0.005,5.0,0.024,17.5,140.0,apoptotic_like,exit_egg
394,400-SHG-15mW-5s,2024-08-20,5,0,laser,400.0,SHG,15.0,0.005,5.0,0.024,17.5,256.0,apoptotic_like,exit_egg
395,400-SHG-15mW-5s,2024-08-20,6,0,laser,400.0,SHG,15.0,0.005,5.0,0.024,17.5,480.0,apoptotic_like,exit_egg
396,400-SHG-15mW-5s,2024-08-20,6,0,laser,400.0,SHG,15.0,0.005,5.0,0.024,17.5,209.0,apoptotic_like,exit_egg
397,400-SHG-15mW-5s,2024-08-20,6,0,laser,400.0,SHG,15.0,0.005,5.0,0.024,17.5,137.0,apoptotic_like,exit_egg
398,400-SHG-15mW-5s,2024-08-20,7,0,laser,400.0,SHG,15.0,0.005,5.0,0.024,17.5,325.0,apoptotic_like,exit_egg
399,400-SHG-15mW-5s,2024-08-20,7,0,laser,400.0,SHG,15.0,0.005,5.0,0.024,17.5,196.0,apoptotic_like,exit_egg
400,400-SHG-15mW-5s,2024-08-20,7,0,laser,400.0,SHG,15.0,0.005,5.0,0.024,17.5,195.0,apoptotic_like,exit_egg
401,400-SHG-15mW-5s,2024-08-20,8,0,laser,400.0,SHG,15.0,0.005,5.0,0.024,17.5,669.0,apoptotic_like,exit_egg
402,400-SHG-15mW-5s,2024-08-20,8,0,laser,400.0,SHG,15.0,0.005,5.0,0.024,17.5,330.0,apoptotic_like,NA
403,400-SHG-15mW-5s,2024-08-20,8,0,laser,400.0,SHG,15.0,0.005,5.0,0.024,17.5,644.0,apoptotic_like,NA
404,400-SHG-15mW-5s,2024-08-20,9,0,laser,400.0,SHG,15.0,0.005,5.0,0.024,17.5,132.0,apoptotic_like,exit_egg
405,400-SHG-15mW-5s,2024-08-20,9,0,laser,400.0,SHG,15.0,0.005,5.0,0.024,17.5,166.0,apoptotic_like,exit_egg
406,400-SHG-15mW-5s,2024-08-20,9,0,laser,400.0,SHG,15.0,0.005,5.0,0.024,17.5,220.0,apoptotic_like,exit_egg
407,400-SHG-15mW-5s,2024-08-20,10,0,laser,400.0,SHG,15.0,0.005,5.0,0.024,17.5,180.0,apoptotic_like,exit_egg
408,400-SHG-15mW-5s,2024-08-20,10,0,laser,400.0,SHG,15.0,0.005,5.0,0.024,17.5,478.0,apoptotic_like,exit_egg
409,400-SHG-15mW-5s,2024-08-20,10,0,laser,400.0,SHG,15.0,0.005,5.0,0.024,17.5,330.0,apoptotic_like,exit_egg
410,400-SHG-15mW-5s,2024-08-20,11,0,laser,400.0,SHG,15.0,0.005,5.0,0.024,17.5,45.0,apoptotic_like,exit_egg
411,400-SHG-15mW-5s,2024-08-20,11,0,laser,400.0,SHG,15.0,0.005,5.0,0.024,17.5,131.0,apoptotic_like,exit_egg
412,400-SHG-15mW-5s,2024-08-20,11,0,laser,400.0,SHG,15.0,0.005,5.0,0.024,17.5,178.0,apoptotic_like,exit_egg
413,400-SHG-15mW-5s,2024-08-20,12,0,laser,400.0,SHG,15.0,0.005,5.0,0.024,17.5,200.0,apoptotic_like,exit_egg
414,400-SHG-15mW-5s,2024-08-20,12,0,laser,400.0,SHG,15.0,0.005,5.0,0.024,17.5,255.0,apoptotic_like,exit_egg
415,400-SHG-15mW-5s,2024-08-20,12,0,laser,400.0,SHG,15.0,0.005,5.0,0.024,17.5,300.0,apoptotic_like,exit_egg
416,400-SHG-10mW-10s,2024-08-13,1,0,laser,400.0,SHG,10.0,0.003,10.0,0.032,17.2,206.0,necrotic_like,exit_egg
417,400-SHG-10mW-10s,2024-08-13,1,0,laser,400.0,SHG,10.0,0.003,10.0,0.032,17.2,264.0,uncertain,death_after_hatch
418,400-SHG-10mW-10s,2024-08-13,1,0,laser,400.0,SHG,10.0,0.003,10.0,0.032,17.2,660.0,necrotic_like,exit_egg
419,400-SHG-10mW-10s,2024-08-13,2,0,laser,400.0,SHG,10.0,0.003,10.0,0.032,17.2,245.0,necrotic_like,exit_egg
420,400-SHG-10mW-10s,2024-08-13,2,0,laser,400.0,SHG,10.0,0.003,10.0,0.032,17.2,172.0,necrotic_like,exit_egg
421,400-SHG-10mW-10s,2024-08-13,2,0,laser,400.0,SHG,10.0,0.003,10.0,0.032,17.2,291.0,necrotic_like,exit_egg
422,400-SHG-10mW-10s,2024-08-13,3,0,laser,400.0,SHG,10.0,0.003,10.0,0.032,17.2,17.2,apoptotic_like,exit_egg
423,400-SHG-10mW-10s,2024-08-13,3,0,laser,400.0,SHG,10.0,0.003,10.0,0.032,17.2,389.0,necrotic_like,exit_egg
424,400-SHG-10mW-10s,2024-08-13,3,0,laser,400.0,SHG,10.0,0.003,10.0,0.032,17.2,338.0,necrotic_like,exit_egg
425,400-SHG-10mW-10s,2024-08-13,4,0,laser,400.0,SHG,10.0,0.003,10.0,0.032,17.2,223.0,uncertain,death_after_hatch
426,400-SHG-10mW-10s,2024-08-13,4,0,laser,400.0,SHG,10.0,0.003,10.0,0.032,17.2,199.0,necrotic_like,exit_egg
427,400-SHG-10mW-10s,2024-08-13,4,0,laser,400.0,SHG,10.0,0.003,10.0,0.032,17.2,NA,NA,NA
428,400-SHG-10mW-10s,2024-08-13,5,0,laser,400.0,SHG,10.0,0.003,10.0,0.032,17.2,240.0,necrotic_like,exit_egg
429,400-SHG-10mW-10s,2024-08-13,5,0,laser,400.0,SHG,10.0,0.003,10.0,0.032,17.2,224.0,necrotic_like,exit_egg
430,400-SHG-10mW-10s,2024-08-13,5,0,laser,400.0,SHG,10.0,0.003,10.0,0.032,17.2,299.0,necrotic_like,exit_egg
431,400-SHG-10mW-10s,2024-08-13,6,0,laser,400.0,SHG,10.0,0.003,10.0,0.032,17.2,185.0,uncertain,death_after_hatch
432,400-SHG-10mW-10s,2024-08-13,6,0,laser,400.0,SHG,10.0,0.003,10.0,0.032,17.2,NA,NA,NA
433,400-SHG-10mW-10s,2024-08-13,6,0,laser,400.0,SHG,10.0,0.003,10.0,0.032,17.2,NA,NA,NA
434,400-SHG-10mW-10s,2024-08-13,7,0,laser,400.0,SHG,10.0,0.003,10.0,0.032,17.2,35.0,apoptotic_like,exit_egg
435,400-SHG-10mW-10s,2024-08-13,7,0,laser,400.0,SHG,10.0,0.003,10.0,0.032,17.2,440.0,necrotic_like,exit_egg
436,400-SHG-10mW-10s,2024-08-13,7,0,laser,400.0,SHG,10.0,0.003,10.0,0.032,17.2,454.0,necrotic_like,exit_egg
437,400-SHG-10mW-10s,2024-08-13,8,0,laser,400.0,SHG,10.0,0.003,10.0,0.032,17.2,160.0,necrotic_like,exit_egg
438,400-SHG-10mW-10s,2024-08-13,8,0,laser,400.0,SHG,10.0,0.003,10.0,0.032,17.2,282.0,necrotic_like,exit_egg
439,400-SHG-10mW-10s,2024-08-13,8,0,laser,400.0,SHG,10.0,0.003,10.0,0.032,17.2,351.0,necrotic_like,exit_egg
440,400-SHG-10mW-10s,2024-08-13,9,0,laser,400.0,SHG,10.0,0.003,10.0,0.032,17.2,351.0,uncertain,death_after_hatch
441,400-SHG-10mW-10s,2024-08-13,9,0,laser,400.0,SHG,10.0,0.003,10.0,0.032,17.2,332.0,necrotic_like,exit_egg
442,400-SHG-10mW-10s,2024-08-13,9,0,laser,400.0,SHG,10.0,0.003,10.0,0.032,17.2,NA,NA,NA
443,400-SHG-10mW-10s,2024-08-13,10,0,laser,400.0,SHG,10.0,0.003,10.0,0.032,17.2,275.0,uncertain,death_after_hatch
444,400-SHG-10mW-10s,2024-08-13,10,0,laser,400.0,SHG,10.0,0.003,10.0,0.032,17.2,700.0,necrotic_like,exit_egg
445,400-SHG-10mW-10s,2024-08-13,10,0,laser,400.0,SHG,10.0,0.003,10.0,0.032,17.2,NA,NA,NA
446,400-SHG-10mW-10s,2024-08-13,11,0,laser,400.0,SHG,10.0,0.003,10.0,0.032,17.2,119.0,uncertain,death_after_hatch
447,400-SHG-10mW-10s,2024-08-13,11,0,laser,400.0,SHG,10.0,0.003,10.0,0.032,17.2,123.0,necrotic_like,exit_egg
448,400-SHG-10mW-10s,2024-08-13,11,0,laser,400.0,SHG,10.0,0.003,10.0,0.032,17.2,165.0,uncertain,death_after_hatch
449,400-SHG-10mW-10s,2024-08-13,12,0,laser,400.0,SHG,10.0,0.003,10.0,0.032,17.2,173.0,necrotic_like,exit_egg
450,400-SHG-10mW-10s,2024-08-13,12,0,laser,400.0,SHG,10.0,0.003,10.0,0.032,17.2,220.0,uncertain,death_after_hatch
451,400-SHG-10mW-10s,2024-08-13,12,0,laser,400.0,SHG,10.0,0.003,10.0,0.032,17.2,691.0,necrotic_like,exit_egg
452,400-SHG-10mW-5s,2024-08-13,1,0,laser,400.0,SHG,10.0,0.003,5.0,0.016,17.8,164.0,uncertain,death_after_hatch
453,400-SHG-10mW-5s,2024-08-13,1,0,laser,400.0,SHG,10.0,0.003,5.0,0.016,17.8,518.0,necrotic_like,exit_egg
454,400-SHG-10mW-5s,2024-08-13,1,0,laser,400.0,SHG,10.0,0.003,5.0,0.016,17.8,NA,NA,NA
455,400-SHG-10mW-5s,2024-08-13,2,0,laser,400.0,SHG,10.0,0.003,5.0,0.016,17.8,174.0,necrotic_like,exit_egg
456,400-SHG-10mW-5s,2024-08-13,2,0,laser,400.0,SHG,10.0,0.003,5.0,0.016,17.8,330.0,uncertain,death_after_hatch
457,400-SHG-10mW-5s,2024-08-13,2,0,laser,400.0,SHG,10.0,0.003,5.0,0.016,17.8,596.0,necrotic_like,exit_egg
458,400-SHG-10mW-5s,2024-08-13,3,0,laser,400.0,SHG,10.0,0.003,5.0,0.016,17.8,32.0,necrotic_like,exit_egg
459,400-SHG-10mW-5s,2024-08-13,3,0,laser,400.0,SHG,10.0,0.003,5.0,0.016,17.8,376.0,necrotic_like,exit_egg
460,400-SHG-10mW-5s,2024-08-13,3,0,laser,400.0,SHG,10.0,0.003,5.0,0.016,17.8,648.0,necrotic_like,exit_egg
461,400-SHG-10mW-5s,2024-08-13,4,0,laser,400.0,SHG,10.0,0.003,5.0,0.016,17.8,180.0,uncertain,death_after_hatch
462,400-SHG-10mW-5s,2024-08-13,4,0,laser,400.0,SHG,10.0,0.003,5.0,0.016,17.8,426.0,necrotic_like,exit_egg
463,400-SHG-10mW-5s,2024-08-13,4,0,laser,400.0,SHG,10.0,0.003,5.0,0.016,17.8,NA,NA,NA
464,400-SHG-10mW-5s,2024-08-13,5,0,laser,400.0,SHG,10.0,0.003,5.0,0.016,17.8,380.0,necrotic_like,exit_egg
465,400-SHG-10mW-5s,2024-08-13,5,0,laser,400.0,SHG,10.0,0.003,5.0,0.016,17.8,519.0,uncertain,death_after_hatch
466,400-SHG-10mW-5s,2024-08-13,5,0,laser,400.0,SHG,10.0,0.003,5.0,0.016,17.8,583.0,necrotic_like,exit_egg
467,400-SHG-10mW-5s,2024-08-13,6,0,laser,400.0,SHG,10.0,0.003,5.0,0.016,17.8,452.0,uncertain,death_after_hatch
468,400-SHG-10mW-5s,2024-08-13,6,0,laser,400.0,SHG,10.0,0.003,5.0,0.016,17.8,530.0,necrotic_like,exit_egg
469,400-SHG-10mW-5s,2024-08-13,6,0,laser,400.0,SHG,10.0,0.003,5.0,0.016,17.8,NA,NA,NA
470,400-SHG-10mW-5s,2024-08-13,7,0,laser,400.0,SHG,10.0,0.003,5.0,0.016,17.8,133.0,uncertain,death_after_hatch
471,400-SHG-10mW-5s,2024-08-13,7,0,laser,400.0,SHG,10.0,0.003,5.0,0.016,17.8,151.0,necrotic_like,exit_egg
472,400-SHG-10mW-5s,2024-08-13,7,0,laser,400.0,SHG,10.0,0.003,5.0,0.016,17.8,237.0,necrotic_like,exit_egg
473,400-SHG-10mW-5s,2024-08-13,8,0,laser,400.0,SHG,10.0,0.003,5.0,0.016,17.8,NA,NA,NA
474,400-SHG-10mW-5s,2024-08-13,8,0,laser,400.0,SHG,10.0,0.003,5.0,0.016,17.8,451.0,uncertain,death_after_hatch
475,400-SHG-10mW-5s,2024-08-13,8,0,laser,400.0,SHG,10.0,0.003,5.0,0.016,17.8,373.0,necrotic_like,exit_egg
476,400-SHG-10mW-5s,2024-08-13,9,0,laser,400.0,SHG,10.0,0.003,5.0,0.016,17.8,165.0,uncertain,death_after_hatch
477,400-SHG-10mW-5s,2024-08-13,9,0,laser,400.0,SHG,10.0,0.003,5.0,0.016,17.8,323.0,necrotic_like,exit_egg
478,400-SHG-10mW-5s,2024-08-13,9,0,laser,400.0,SHG,10.0,0.003,5.0,0.016,17.8,561.0,uncertain,death_after_hatch
479,400-SHG-10mW-5s,2024-08-13,10,0,laser,400.0,SHG,10.0,0.003,5.0,0.016,17.8,222.0,uncertain,death_after_hatch
480,400-SHG-10mW-5s,2024-08-13,10,0,laser,400.0,SHG,10.0,0.003,5.0,0.016,17.8,NA,NA,NA
481,400-SHG-10mW-5s,2024-08-13,10,0,laser,400.0,SHG,10.0,0.003,5.0,0.016,17.8,NA,NA,NA
482,400-SHG-10mW-5s,2024-08-13,11,0,laser,400.0,SHG,10.0,0.003,5.0,0.016,17.8,165.0,necrotic_like,exit_egg
483,400-SHG-10mW-5s,2024-08-13,11,0,laser,400.0,SHG,10.0,0.003,5.0,0.016,17.8,241.0,uncertain,death_after_hatch
484,400-SHG-10mW-5s,2024-08-13,11,0,laser,400.0,SHG,10.0,0.003,5.0,0.016,17.8,NA,NA,NA
485,400-SHG-10mW-5s,2024-08-13,12,0,laser,400.0,SHG,10.0,0.003,5.0,0.016,17.8,226.0,necrotic_like,exit_egg
486,400-SHG-10mW-5s,2024-08-13,12,0,laser,400.0,SHG,10.0,0.003,5.0,0.016,17.8,226.0,necrotic_like,exit_egg
487,400-SHG-10mW-5s,2024-08-13,12,0,laser,400.0,SHG,10.0,0.003,5.0,0.016,17.8,607.0,necrotic_like,exit_egg
488,800-pulsed-330mW-120s,2024-06-01,1,0,laser,800.0,pulsed,330.0,0.105,120.0,12.6,15.0,83.4,necrotic_like,NA
489,800-pulsed-330mW-120s,2024-06-01,1,0,laser,800.0,pulsed,330.0,0.105,120.0,12.6,15.0,110.0,uncertain,death_after_hatch
490,800-pulsed-330mW-120s,2024-06-01,2,0,laser,800.0,pulsed,330.0,0.105,120.0,12.6,15.0,177.0,necrotic_like,NA
491,800-pulsed-330mW-120s,2024-06-01,2,0,laser,800.0,pulsed,330.0,0.105,120.0,12.6,15.0,522.0,necrotic_like,NA
492,800-pulsed-330mW-120s,2024-06-01,3,0,laser,800.0,pulsed,330.0,0.105,120.0,12.6,15.0,15.0,uncertain,death_after_hatch
493,800-pulsed-330mW-120s,2024-06-01,3,0,laser,800.0,pulsed,330.0,0.105,120.0,12.6,15.0,NA,NA,NA
494,800-pulsed-330mW-120s,2024-06-01,4,0,laser,800.0,pulsed,330.0,0.105,120.0,12.6,15.0,525.0,necrotic_like,NA
495,800-pulsed-330mW-120s,2024-06-01,4,0,laser,800.0,pulsed,330.0,0.105,120.0,12.6,15.0,525.0,necrotic_like,NA
496,800-pulsed-330mW-120s,2024-06-01,5,0,laser,800.0,pulsed,330.0,0.105,120.0,12.6,15.0,279.0,uncertain,death_after_hatch
497,800-pulsed-330mW-120s,2024-06-01,5,0,laser,800.0,pulsed,330.0,0.105,120.0,12.6,15.0,293.0,uncertain,death_after_hatch
498,800-pulsed-330mW-120s,2024-06-01,6,0,laser,800.0,pulsed,330.0,0.105,120.0,12.6,15.0,294.6,necrotic_like,NA
499,800-pulsed-330mW-120s,2024-06-01,6,0,laser,800.0,pulsed,330.0,0.105,120.0,12.6,15.0,303.0,necrotic_like,NA
500,800-pulsed-330mW-120s,2024-06-01,7,0,laser,800.0,pulsed,330.0,0.105,120.0,12.6,15.0,164.0,necrotic_like,NA
501,800-pulsed-330mW-120s,2024-06-01,7,0,laser,800.0,pulsed,330.0,0.105,120.0,12.6,15.0,357.0,necrotic_like,NA
502,800-pulsed-330mW-120s,2024-06-01,8,0,laser,800.0,pulsed,330.0,0.105,120.0,12.6,15.0,166.0,necrotic_like,NA
503,800-pulsed-330mW-120s,2024-06-01,8,0,laser,800.0,pulsed,330.0,0.105,120.0,12.6,15.0,459.0,necrotic_like,NA
504,800-pulsed-330mW-120s,2024-06-01,9,0,laser,800.0,pulsed,330.0,0.105,120.0,12.6,15.0,140.0,necrotic_like,NA
505,800-pulsed-330mW-120s,2024-06-01,9,0,laser,800.0,pulsed,330.0,0.105,120.0,12.6,15.0,301.0,apoptotic_like,NA
506,800-pulsed-330mW-120s,2024-06-01,10,0,laser,800.0,pulsed,330.0,0.105,120.0,12.6,15.0,95.0,apoptotic_like,NA
507,800-pulsed-330mW-120s,2024-06-01,10,0,laser,800.0,pulsed,330.0,0.105,120.0,12.6,15.0,440.0,necrotic_like,NA
508,800-pulsed-330mW-120s,2024-06-01,11,0,laser,800.0,pulsed,330.0,0.105,120.0,12.6,15.0,380.0,necrotic_like,NA
509,800-pulsed-330mW-120s,2024-06-01,11,0,laser,800.0,pulsed,330.0,0.105,120.0,12.6,15.0,513.0,necrotic_like,NA
510,800-pulsed-330mW-120s,2024-06-01,12,0,laser,800.0,pulsed,330.0,0.105,120.0,12.6,15.0,124.0,necrotic_like,NA
511,800-pulsed-330mW-120s,2024-06-01,12,0,laser,800.0,pulsed,330.0,0.105,120.0,12.6,15.0,376.0,necrotic_like,NA
512,800-cw-330mW-120s,2024-06-07,1,0,laser,800.0,cw,330.0,0.105,120.0,12.6,17.0,NA,NA,no_larvae
513,800-cw-330mW-120s,2024-06-07,1,0,laser,800.0,cw,330.0,0.105,120.0,12.6,17.0,NA,NA,NA
514,800-cw-330mW-120s,2024-06-07,2,0,laser,800.0,cw,330.0,0.105,120.0,12.6,17.0,NA,NA,NA
515,800-cw-330mW-120s,2024-06-07,2,0,laser,800.0,cw,330.0,0.105,120.0,12.6,17.0,NA,NA,NA
516,800-cw-330mW-120s,2024-06-07,3,0,laser,800.0,cw,330.0,0.105,120.0,12.6,17.0,NA,NA,NA
517,800-cw-330mW-120s,2024-06-07,3,0,laser,800.0,cw,330.0,0.105,120.0,12.6,17.0,NA,NA,NA
518,800-cw-330mW-120s,2024-06-07,4,0,laser,800.0,cw,330.0,0.105,120.0,12.6,17.0,NA,NA,NA
519,800-cw-330mW-120s,2024-06-07,4,0,laser,800.0,cw,330.0,0.105,120.0,12.6,17.0,NA,NA,NA
520,800-cw-330mW-120s,2024-06-07,5,0,laser,800.0,cw,330.0,0.105,120.0,12.6,17.0,NA,NA,NA
521,800-cw-330mW-120s,2024-06-07,5,0,laser,800.0,cw,330.0,0.105,120.0,12.6,17.0,48.0,necrotic_like,NA
522,800-cw-330mW-120s,2024-06-07,6,0,laser,800.0,cw,330.0,0.105,120.0,12.6,17.0,NA,NA,NA
523,800-cw-330mW-120s,2024-06-07,6,0,laser,800.0,cw,330.0,0.105,120.0,12.6,17.0,NA,NA,NA
524,800-cw-330mW-120s,2024-06-07,7,0,laser,800.0,cw,330.0,0.105,120.0,12.6,17.0,NA,NA,NA
525,800-cw-330mW-120s,2024-06-07,7,0,laser,800.0,cw,330.0,0.105,120.0,12.6,17.0,NA,NA,NA
526,800-cw-330mW-120s,2024-06-07,8,0,laser,800.0,cw,330.0,0.105,120.0,12.6,17.0,NA,NA,NA
527,800-cw-330mW-120s,2024-06-07,9,0,laser,800.0,cw,330.0,0.105,120.0,12.6,17.0,NA,NA,NA
528,800-cw-330mW-120s,2024-06-07,9,0,laser,800.0,cw,330.0,0.105,120.0,12.6,17.0,NA,NA,NA
529,800-cw-330mW-120s,2024-06-07,10,0,laser,800.0,cw,330.0,0.105,120.0,12.6,17.0,NA,NA,NA
530,800-cw-330mW-120s,2024-06-07,10,0,laser,800.0,cw,330.0,0.105,120.0,12.6,17.0,NA,NA,NA
531,800-cw-330mW-120s,2024-06-07,11,0,laser,800.0,cw,330.0,0.105,120.0,12.6,17.0,NA,NA,NA
532,800-cw-330mW-120s,2024-06-07,11,0,laser,800.0,cw,330.0,0.105,120.0,12.6,17.0,NA,NA,NA
533,800-cw-330mW-120s,2024-06-07,12,0,laser,800.0,cw,330.0,0.105,120.0,12.6,17.0,NA,NA,NA
534,800-cw-330mW-120s,2024-06-07,12,0,laser,800.0,cw,330.0,0.105,120.0,12.6,17.0,NA,NA,NA
535,800-pulsed-330mW-60s,2024-07-24,1,0,laser,800.0,pulsed,330.0,0.105,60.0,6.3,18.7,NA,NA,NA
536,800-pulsed-330mW-60s,2024-07-24,1,0,laser,800.0,pulsed,330.0,0.105,60.0,6.3,18.7,NA,NA,NA
537,800-pulsed-330mW-60s,2024-07-24,1,0,laser,800.0,pulsed,330.0,0.105,60.0,6.3,18.7,NA,NA,NA
538,800-pulsed-330mW-60s,2024-07-24,2,0,laser,800.0,pulsed,330.0,0.105,60.0,6.3,18.7,NA,NA,NA
539,800-pulsed-330mW-60s,2024-07-24,2,0,laser,800.0,pulsed,330.0,0.105,60.0,6.3,18.7,NA,NA,NA
540,800-pulsed-330mW-60s,2024-07-24,2,0,laser,800.0,pulsed,330.0,0.105,60.0,6.3,18.7,517.0,necrotic_like,NA
541,800-pulsed-330mW-60s,2024-07-24,3,0,laser,800.0,pulsed,330.0,0.105,60.0,6.3,18.7,484.0,uncertain,NA
542,800-pulsed-330mW-60s,2024-07-24,3,0,laser,800.0,pulsed,330.0,0.105,60.0,6.3,18.7,NA,NA,NA
543,800-pulsed-330mW-60s,2024-07-24,3,0,laser,800.0,pulsed,330.0,0.105,60.0,6.3,18.7,18.7,uncertain,NA
544,800-pulsed-330mW-60s,2024-07-24,4,0,laser,800.0,pulsed,330.0,0.105,60.0,6.3,18.7,634.0,uncertain,NA
545,800-pulsed-330mW-60s,2024-07-24,4,0,laser,800.0,pulsed,330.0,0.105,60.0,6.3,18.7,NA,NA,NA
546,800-pulsed-330mW-60s,2024-07-24,4,0,laser,800.0,pulsed,330.0,0.105,60.0,6.3,18.7,686.0,uncertain,NA
547,800-pulsed-330mW-60s,2024-07-24,5,0,laser,800.0,pulsed,330.0,0.105,60.0,6.3,18.7,NA,NA,NA
548,800-pulsed-330mW-60s,2024-07-24,5,0,laser,800.0,pulsed,330.0,0.105,60.0,6.3,18.7,NA,NA,NA
549,800-pulsed-330mW-60s,2024-07-24,5,0,laser,800.0,pulsed,330.0,0.105,60.0,6.3,18.7,NA,NA,NA
550,800-pulsed-330mW-60s,2024-07-24,6,0,laser,800.0,pulsed,330.0,0.105,60.0,6.3,18.7,NA,NA,NA
551,800-pulsed-330mW-60s,2024-07-24,6,0,laser,800.0,pulsed,330.0,0.105,60.0,6.3,18.7,NA,NA,NA
552,800-pulsed-330mW-60s,2024-07-24,6,0,laser,800.0,pulsed,330.0,0.105,60.0,6.3,18.7,NA,NA,NA
553,800-pulsed-330mW-60s,2024-07-24,7,0,laser,800.0,pulsed,330.0,0.105,60.0,6.3,18.7,NA,NA,NA
554,800-pulsed-330mW-60s,2024-07-24,7,0,laser,800.0,pulsed,330.0,0.105,60.0,6.3,18.7,NA,NA,NA
555,800-pulsed-330mW-60s,2024-07-24,7,0,laser,800.0,pulsed,330.0,0.105,60.0,6.3,18.7,NA,NA,no_larvae
556,800-pulsed-330mW-60s,2024-07-24,8,0,laser,800.0,pulsed,330.0,0.105,60.0,6.3,18.7,NA,NA,NA
557,800-pulsed-330mW-60s,2024-07-24,8,0,laser,800.0,pulsed,330.0,0.105,60.0,6.3,18.7,NA,NA,NA
558,800-pulsed-330mW-60s,2024-07-24,8,0,laser,800.0,pulsed,330.0,0.105,60.0,6.3,18.7,NA,NA,NA
559,800-pulsed-330mW-60s,2024-07-24,9,0,laser,800.0,pulsed,330.0,0.105,60.0,6.3,18.7,NA,NA,NA
560,800-pulsed-330mW-60s,2024-07-24,9,0,laser,800.0,pulsed,330.0,0.105,60.0,6.3,18.7,NA,NA,NA
561,800-pulsed-330mW-60s,2024-07-24,10,0,laser,800.0,pulsed,330.0,0.105,60.0,6.3,18.7,NA,NA,NA
562,800-pulsed-330mW-60s,2024-07-24,10,0,laser,800.0,pulsed,330.0,0.105,60.0,6.3,18.7,NA,NA,NA
563,800-pulsed-330mW-60s,2024-07-24,11,0,laser,800.0,pulsed,330.0,0.105,60.0,6.3,18.7,NA,NA,NA
564,800-pulsed-330mW-60s,2024-07-24,11,0,laser,800.0,pulsed,330.0,0.105,60.0,6.3,18.7,NA,NA,NA
565,800-pulsed-330mW-60s,2024-07-24,12,0,laser,800.0,pulsed,330.0,0.105,60.0,6.3,18.7,NA,NA,NA
566,800-pulsed-330mW-60s,2024-07-24,12,0,laser,800.0,pulsed,330.0,0.105,60.0,6.3,18.7,547.0,necrotic_like,NA
567,800-control-330mW,2024-06-01,1,1,NA,NA,NA,NA,NA,NA,NA,18.0,NA,NA,NA
568,800-control-330mW,2024-06-01,1,1,NA,NA,NA,NA,NA,NA,NA,18.0,NA,NA,NA
569,800-control-330mW,2024-06-01,2,1,NA,NA,NA,NA,NA,NA,NA,18.0,NA,NA,NA
570,800-control-330mW,2024-06-01,2,1,NA,NA,NA,NA,NA,NA,NA,18.0,670.0,uncertain,NA
571,800-control-330mW,2024-06-01,3,1,NA,NA,NA,NA,NA,NA,NA,18.0,NA,NA,NA
572,800-control-330mW,2024-06-01,3,1,NA,NA,NA,NA,NA,NA,NA,18.0,NA,NA,NA
573,800-control-330mW,2024-06-01,4,1,NA,NA,NA,NA,NA,NA,NA,18.0,18.0,uncertain,death_after_hatch
574,800-control-330mW,2024-06-01,4,1,NA,NA,NA,NA,NA,NA,NA,18.0,NA,NA,NA
575,800-control-330mW,2024-06-01,5,1,NA,NA,NA,NA,NA,NA,NA,18.0,NA,NA,NA
576,800-control-330mW,2024-06-01,5,1,NA,NA,NA,NA,NA,NA,NA,18.0,614.0,uncertain,NA
577,800-control-330mW,2024-06-01,6,1,NA,NA,NA,NA,NA,NA,NA,18.0,NA,NA,NA
578,800-control-330mW,2024-06-01,6,1,NA,NA,NA,NA,NA,NA,NA,18.0,NA,NA,NA
579,800-control-330mW,2024-06-01,7,1,NA,NA,NA,NA,NA,NA,NA,18.0,NA,NA,NA
580,800-control-330mW,2024-06-01,7,1,NA,NA,NA,NA,NA,NA,NA,18.0,NA,NA,NA
581,800-control-330mW,2024-06-01,8,1,NA,NA,NA,NA,NA,NA,NA,18.0,NA,NA,NA
582,800-control-330mW,2024-06-01,8,1,NA,NA,NA,NA,NA,NA,NA,18.0,NA,NA,NA
583,800-control-330mW,2024-06-01,9,1,NA,NA,NA,NA,NA,NA,NA,18.0,NA,NA,NA
584,800-control-330mW,2024-06-01,9,1,NA,NA,NA,NA,NA,NA,NA,18.0,NA,NA,NA
585,800-control-330mW,2024-06-01,10,1,NA,NA,NA,NA,NA,NA,NA,18.0,487.0,uncertain,death_after_hatch
586,800-control-330mW,2024-06-01,10,1,NA,NA,NA,NA,NA,NA,NA,18.0,118.0,necrotic_like,NA
587,800-control-330mW,2024-06-01,11,1,NA,NA,NA,NA,NA,NA,NA,18.0,597.0,necrotic_like,NA
588,800-control-330mW,2024-06-01,11,1,NA,NA,NA,NA,NA,NA,NA,18.0,NA,NA,NA
589,800-control-330mW,2024-06-01,12,1,NA,NA,NA,NA,NA,NA,NA,18.0,89.5,necrotic_like,NA
590,800-control-330mW,2024-06-01,12,1,NA,NA,NA,NA,NA,NA,NA,18.0,NA,NA,NA
591,UVC-6W-600,2025-03-12,1,0,uvc,254.0,NA,6000.0,2.109,600.0,1.2656,0.5,0.5,necrotic_like,exit_egg
592,UVC-6W-600,2025-03-12,1,0,uvc,254.0,NA,6000.0,2.109,600.0,1.2656,0.5,0.5,necrotic_like,NA
593,UVC-6W-600,2025-03-12,1,0,uvc,254.0,NA,6000.0,2.109,600.0,1.2656,0.5,0.5,necrotic_like,NA
594,UVC-6W-600,2025-03-12,2,0,uvc,254.0,NA,6000.0,2.109,600.0,1.2656,0.5,0.5,necrotic_like,NA
595,UVC-6W-600,2025-03-12,2,0,uvc,254.0,NA,6000.0,2.109,600.0,1.2656,0.5,0.5,necrotic_like,NA
596,UVC-6W-600,2025-03-12,2,0,uvc,254.0,NA,6000.0,2.109,600.0,1.2656,0.5,0.5,necrotic_like,exit_egg
597,UVC-6W-600,2025-03-12,2,0,uvc,254.0,NA,6000.0,2.109,600.0,1.2656,0.5,0.5,necrotic_like,NA
598,UVC-6W-600,2025-03-12,2,0,uvc,254.0,NA,6000.0,2.109,600.0,1.2656,0.5,0.5,necrotic_like,NA
599,UVC-6W-600,2025-03-12,2,0,uvc,254.0,NA,6000.0,2.109,600.0,1.2656,0.5,0.5,necrotic_like,NA
600,UVC-6W-600,2025-03-12,3,0,uvc,254.0,NA,6000.0,2.109,600.0,1.2656,0.5,0.5,necrotic_like,NA
601,UVC-6W-600,2025-03-12,3,0,uvc,254.0,NA,6000.0,2.109,600.0,1.2656,0.5,0.5,necrotic_like,exit_egg
602,UVC-6W-600,2025-03-12,3,0,uvc,254.0,NA,6000.0,2.109,600.0,1.2656,0.5,0.5,necrotic_like,exit_egg
603,UVC-6W-600,2025-03-12,4,0,uvc,254.0,NA,6000.0,2.109,600.0,1.2656,0.5,0.5,necrotic_like,NA
604,UVC-6W-600,2025-03-12,4,0,uvc,254.0,NA,6000.0,2.109,600.0,1.2656,0.5,0.5,necrotic_like,NA
605,UVC-6W-600,2025-03-12,4,0,uvc,254.0,NA,6000.0,2.109,600.0,1.2656,0.5,0.5,necrotic_like,exit_egg
606,UVC-6W-600,2025-03-12,5,0,uvc,254.0,NA,6000.0,2.109,600.0,1.2656,0.5,0.5,necrotic_like,NA
607,UVC-6W-600,2025-03-12,5,0,uvc,254.0,NA,6000.0,2.109,600.0,1.2656,0.5,0.5,necrotic_like,NA
608,UVC-6W-600,2025-03-12,5,0,uvc,254.0,NA,6000.0,2.109,600.0,1.2656,0.5,0.5,necrotic_like,NA
609,UVC-6W-600,2025-03-12,6,0,uvc,254.0,NA,6000.0,2.109,600.0,1.2656,0.5,0.5,necrotic_like,NA
610,UVC-6W-600,2025-03-12,6,0,uvc,254.0,NA,6000.0,2.109,600.0,1.2656,0.5,0.5,necrotic_like,NA
611,UVC-6W-600,2025-03-12,6,0,uvc,254.0,NA,6000.0,2.109,600.0,1.2656,0.5,0.5,necrotic_like,NA
612,UVC-6W-600,2025-03-12,7,0,uvc,254.0,NA,6000.0,2.109,600.0,1.2656,0.5,0.5,necrotic_like,NA
613,UVC-6W-600,2025-03-12,7,0,uvc,254.0,NA,6000.0,2.109,600.0,1.2656,0.5,0.5,necrotic_like,exit_egg
614,UVC-6W-600,2025-03-12,7,0,uvc,254.0,NA,6000.0,2.109,600.0,1.2656,0.5,0.5,necrotic_like,NA
615,UVC-6W-600,2025-03-12,8,0,uvc,254.0,NA,6000.0,2.109,600.0,1.2656,0.5,0.5,necrotic_like,exit_egg
616,UVC-6W-600,2025-03-12,8,0,uvc,254.0,NA,6000.0,2.109,600.0,1.2656,0.5,0.5,necrotic_like,NA
617,UVC-6W-600,2025-03-12,8,0,uvc,254.0,NA,6000.0,2.109,600.0,1.2656,0.5,0.5,necrotic_like,NA
618,UVC-6W-600,2025-03-12,9,0,uvc,254.0,NA,6000.0,2.109,600.0,1.2656,0.5,0.5,necrotic_like,exit_egg
619,UVC-6W-600,2025-03-12,9,0,uvc,254.0,NA,6000.0,2.109,600.0,1.2656,0.5,0.5,necrotic_like,exit_egg
620,UVC-6W-600,2025-03-12,9,0,uvc,254.0,NA,6000.0,2.109,600.0,1.2656,0.5,0.5,necrotic_like,NA
621,UVC-6W-600,2025-03-12,10,0,uvc,254.0,NA,6000.0,2.109,600.0,1.2656,0.5,106.0,necrotic_like,terminal_twitching;exit_egg
622,UVC-6W-600,2025-03-12,10,0,uvc,254.0,NA,6000.0,2.109,600.0,1.2656,0.5,0.5,necrotic_like,NA
623,UVC-6W-600,2025-03-12,10,0,uvc,254.0,NA,6000.0,2.109,600.0,1.2656,0.5,96.6,necrotic_like,terminal_twitching;exit_egg
624,UVC-6W-600,2025-03-12,11,0,uvc,254.0,NA,6000.0,2.109,600.0,1.2656,0.5,0.5,necrotic_like,exit_egg
625,UVC-6W-600,2025-03-12,11,0,uvc,254.0,NA,6000.0,2.109,600.0,1.2656,0.5,0.5,necrotic_like,NA
626,UVC-6W-600,2025-03-12,11,0,uvc,254.0,NA,6000.0,2.109,600.0,1.2656,0.5,0.5,necrotic_like,NA
627,UVC-6W-600,2025-03-12,12,0,uvc,254.0,NA,6000.0,2.109,600.0,1.2656,0.5,0.5,necrotic_like,NA
628,UVC-6W-600,2025-03-12,12,0,uvc,254.0,NA,6000.0,2.109,600.0,1.2656,0.5,0.5,necrotic_like,NA
629,UVC-6W-600,2025-03-12,12,0,uvc,254.0,NA,6000.0,2.109,600.0,1.2656,0.5,0.5,necrotic_like,NA
630,UVC-6W-300,2025-03-12,1,0,uvc,254.0,NA,6000.0,2.109,300.0,0.6328,0.5,150.0,necrotic_like,terminal_twitching
631,UVC-6W-300,2025-03-12,1,0,uvc,254.0,NA,6000.0,2.109,300.0,0.6328,0.5,0.5,necrotic_like,terminal_twitching
632,UVC-6W-300,2025-03-12,1,0,uvc,254.0,NA,6000.0,2.109,300.0,0.6328,0.5,111.0,necrotic_like,terminal_twitching
633,UVC-6W-300,2025-03-12,2,0,uvc,254.0,NA,6000.0,2.109,300.0,0.6328,0.5,150.0,necrotic_like,terminal_twitching
634,UVC-6W-300,2025-03-12,2,0,uvc,254.0,NA,6000.0,2.109,300.0,0.6328,0.5,100.0,necrotic_like,terminal_twitching
635,UVC-6W-300,2025-03-12,2,0,uvc,254.0,NA,6000.0,2.109,300.0,0.6328,0.5,77.0,necrotic_like,terminal_twitching
636,UVC-6W-300,2025-03-12,3,0,uvc,254.0,NA,6000.0,2.109,300.0,0.6328,0.5,128.0,necrotic_like,terminal_twitching
637,UVC-6W-300,2025-03-12,3,0,uvc,254.0,NA,6000.0,2.109,300.0,0.6328,0.5,102.0,necrotic_like,terminal_twitching
638,UVC-6W-300,2025-03-12,3,0,uvc,254.0,NA,6000.0,2.109,300.0,0.6328,0.5,65.0,necrotic_like,terminal_twitching
639,UVC-6W-300,2025-03-12,4,0,uvc,254.0,NA,6000.0,2.109,300.0,0.6328,0.5,0.5,necrotic_like,terminal_twitching
640,UVC-6W-300,2025-03-12,4,0,uvc,254.0,NA,6000.0,2.109,300.0,0.6328,0.5,53.0,necrotic_like,terminal_twitching
641,UVC-6W-300,2025-03-12,4,0,uvc,254.0,NA,6000.0,2.109,300.0,0.6328,0.5,113.0,necrotic_like,terminal_twitching
642,UVC-6W-300,2025-03-12,5,0,uvc,254.0,NA,6000.0,2.109,300.0,0.6328,0.5,150.0,necrotic_like,terminal_twitching
643,UVC-6W-300,2025-03-12,5,0,uvc,254.0,NA,6000.0,2.109,300.0,0.6328,0.5,114.0,necrotic_like,terminal_twitching
644,UVC-6W-300,2025-03-12,5,0,uvc,254.0,NA,6000.0,2.109,300.0,0.6328,0.5,110.0,necrotic_like,terminal_twitching
645,UVC-6W-300,2025-03-12,6,0,uvc,254.0,NA,6000.0,2.109,300.0,0.6328,0.5,45.0,necrotic_like,terminal_twitching
646,UVC-6W-300,2025-03-12,6,0,uvc,254.0,NA,6000.0,2.109,300.0,0.6328,0.5,88.0,necrotic_like,terminal_twitching
647,UVC-6W-300,2025-03-12,7,0,uvc,254.0,NA,6000.0,2.109,300.0,0.6328,0.5,53.0,necrotic_like,terminal_twitching
648,UVC-6W-300,2025-03-12,7,0,uvc,254.0,NA,6000.0,2.109,300.0,0.6328,0.5,93.0,necrotic_like,terminal_twitching
649,UVC-6W-300,2025-03-12,7,0,uvc,254.0,NA,6000.0,2.109,300.0,0.6328,0.5,128.0,necrotic_like,terminal_twitching
650,UVC-6W-300,2025-03-12,8,0,uvc,254.0,NA,6000.0,2.109,300.0,0.6328,0.5,130.0,necrotic_like,terminal_twitching
651,UVC-6W-300,2025-03-12,8,0,uvc,254.0,NA,6000.0,2.109,300.0,0.6328,0.5,115.0,necrotic_like,terminal_twitching
652,UVC-6W-300,2025-03-12,8,0,uvc,254.0,NA,6000.0,2.109,300.0,0.6328,0.5,67.0,necrotic_like,terminal_twitching
653,UVC-6W-300,2025-03-12,9,0,uvc,254.0,NA,6000.0,2.109,300.0,0.6328,0.5,82.0,necrotic_like,terminal_twitching
654,UVC-6W-300,2025-03-12,9,0,uvc,254.0,NA,6000.0,2.109,300.0,0.6328,0.5,43.0,necrotic_like,terminal_twitching
655,UVC-6W-300,2025-03-12,9,0,uvc,254.0,NA,6000.0,2.109,300.0,0.6328,0.5,85.0,necrotic_like,terminal_twitching
656,UVC-6W-300,2025-03-12,10,0,uvc,254.0,NA,6000.0,2.109,300.0,0.6328,0.5,130.0,necrotic_like,terminal_twitching
657,UVC-6W-300,2025-03-12,10,0,uvc,254.0,NA,6000.0,2.109,300.0,0.6328,0.5,96.0,necrotic_like,terminal_twitching
658,UVC-6W-300,2025-03-12,10,0,uvc,254.0,NA,6000.0,2.109,300.0,0.6328,0.5,100.0,necrotic_like,terminal_twitching
659,UVC-6W-300,2025-03-12,11,0,uvc,254.0,NA,6000.0,2.109,300.0,0.6328,0.5,81.0,necrotic_like,terminal_twitching
660,UVC-6W-300,2025-03-12,11,0,uvc,254.0,NA,6000.0,2.109,300.0,0.6328,0.5,47.0,necrotic_like,terminal_twitching
661,UVC-6W-300,2025-03-12,11,0,uvc,254.0,NA,6000.0,2.109,300.0,0.6328,0.5,100.0,necrotic_like,terminal_twitching
662,UVC-6W-300,2025-03-12,12,0,uvc,254.0,NA,6000.0,2.109,300.0,0.6328,0.5,93.0,necrotic_like,terminal_twitching
663,UVC-6W-300,2025-03-12,12,0,uvc,254.0,NA,6000.0,2.109,300.0,0.6328,0.5,217.0,necrotic_like,terminal_twitching
664,UVC-6W-300,2025-03-12,12,0,uvc,254.0,NA,6000.0,2.109,300.0,0.6328,0.5,96.0,necrotic_like,terminal_twitching
665,UVC-6W-180,2025-03-26,1,0,uvc,254.0,NA,6000.0,2.109,180.0,0.3797,0.2,100.0,necrotic_like,terminal_twitching;exit_egg
666,UVC-6W-180,2025-03-26,1,0,uvc,254.0,NA,6000.0,2.109,180.0,0.3797,0.2,170.0,necrotic_like,terminal_twitching;exit_egg
667,UVC-6W-180,2025-03-26,1,0,uvc,254.0,NA,6000.0,2.109,180.0,0.3797,0.2,128.0,necrotic_like,terminal_twitching;exit_egg
668,UVC-6W-180,2025-03-26,2,0,uvc,254.0,NA,6000.0,2.109,180.0,0.3797,0.2,203.0,necrotic_like,terminal_twitching
669,UVC-6W-180,2025-03-26,2,0,uvc,254.0,NA,6000.0,2.109,180.0,0.3797,0.2,160.0,necrotic_like,terminal_twitching
670,UVC-6W-180,2025-03-26,2,0,uvc,254.0,NA,6000.0,2.109,180.0,0.3797,0.2,143.0,necrotic_like,NA
671,UVC-6W-180,2025-03-26,3,0,uvc,254.0,NA,6000.0,2.109,180.0,0.3797,0.2,157.0,necrotic_like,terminal_twitching
672,UVC-6W-180,2025-03-26,3,0,uvc,254.0,NA,6000.0,2.109,180.0,0.3797,0.2,136.0,necrotic_like,terminal_twitching
673,UVC-6W-180,2025-03-26,3,0,uvc,254.0,NA,6000.0,2.109,180.0,0.3797,0.2,157.0,necrotic_like,terminal_twitching
674,UVC-6W-180,2025-03-26,4,0,uvc,254.0,NA,6000.0,2.109,180.0,0.3797,0.2,0.2,uncertain,death_after_hatch
675,UVC-6W-180,2025-03-26,4,0,uvc,254.0,NA,6000.0,2.109,180.0,0.3797,0.2,131.0,necrotic_like,terminal_twitching
676,UVC-6W-180,2025-03-26,4,0,uvc,254.0,NA,6000.0,2.109,180.0,0.3797,0.2,181.0,necrotic_like,terminal_twitching
677,UVC-6W-180,2025-03-26,5,0,uvc,254.0,NA,6000.0,2.109,180.0,0.3797,0.2,180.0,necrotic_like,terminal_twitching
678,UVC-6W-180,2025-03-26,5,0,uvc,254.0,NA,6000.0,2.109,180.0,0.3797,0.2,150.0,necrotic_like,terminal_twitching
679,UVC-6W-180,2025-03-26,5,0,uvc,254.0,NA,6000.0,2.109,180.0,0.3797,0.2,123.0,necrotic_like,terminal_twitching
680,UVC-6W-180,2025-03-26,6,0,uvc,254.0,NA,6000.0,2.109,180.0,0.3797,0.2,124.0,necrotic_like,terminal_twitching
681,UVC-6W-180,2025-03-26,6,0,uvc,254.0,NA,6000.0,2.109,180.0,0.3797,0.2,138.0,necrotic_like,terminal_twitching
682,UVC-6W-180,2025-03-26,6,0,uvc,254.0,NA,6000.0,2.109,180.0,0.3797,0.2,186.0,necrotic_like,terminal_twitching
683,UVC-6W-180,2025-03-26,7,0,uvc,254.0,NA,6000.0,2.109,180.0,0.3797,0.2,195.0,necrotic_like,terminal_twitching
684,UVC-6W-180,2025-03-26,7,0,uvc,254.0,NA,6000.0,2.109,180.0,0.3797,0.2,180.0,necrotic_like,terminal_twitching
685,UVC-6W-180,2025-03-26,7,0,uvc,254.0,NA,6000.0,2.109,180.0,0.3797,0.2,170.0,necrotic_like,terminal_twitching
686,UVC-6W-180,2025-03-26,8,0,uvc,254.0,NA,6000.0,2.109,180.0,0.3797,0.2,126.0,necrotic_like,terminal_twitching
687,UVC-6W-180,2025-03-26,8,0,uvc,254.0,NA,6000.0,2.109,180.0,0.3797,0.2,180.0,necrotic_like,terminal_twitching;exit_egg
688,UVC-6W-180,2025-03-26,8,0,uvc,254.0,NA,6000.0,2.109,180.0,0.3797,0.2,134.0,necrotic_like,terminal_twitching;exit_egg
689,UVC-6W-180,2025-03-26,9,0,uvc,254.0,NA,6000.0,2.109,180.0,0.3797,0.2,158.0,necrotic_like,terminal_twitching
690,UVC-6W-180,2025-03-26,9,0,uvc,254.0,NA,6000.0,2.109,180.0,0.3797,0.2,156.0,necrotic_like,terminal_twitching
691,UVC-6W-180,2025-03-26,9,0,uvc,254.0,NA,6000.0,2.109,180.0,0.3797,0.2,176.0,necrotic_like,terminal_twitching
692,UVC-6W-180,2025-03-26,10,0,uvc,254.0,NA,6000.0,2.109,180.0,0.3797,0.2,130.0,necrotic_like,terminal_twitching;exit_egg
693,UVC-6W-180,2025-03-26,10,0,uvc,254.0,NA,6000.0,2.109,180.0,0.3797,0.2,148.0,necrotic_like,terminal_twitching;exit_egg
694,UVC-6W-180,2025-03-26,10,0,uvc,254.0,NA,6000.0,2.109,180.0,0.3797,0.2,89.0,necrotic_like,terminal_twitching
695,UVC-6W-180,2025-03-26,11,0,uvc,254.0,NA,6000.0,2.109,180.0,0.3797,0.2,140.0,necrotic_like,terminal_twitching
696,UVC-6W-180,2025-03-26,11,0,uvc,254.0,NA,6000.0,2.109,180.0,0.3797,0.2,100.0,necrotic_like,terminal_twitching;exit_egg
697,UVC-6W-180,2025-03-26,11,0,uvc,254.0,NA,6000.0,2.109,180.0,0.3797,0.2,99.0,necrotic_like,terminal_twitching;exit_egg
698,UVC-6W-180,2025-03-26,12,0,uvc,254.0,NA,6000.0,2.109,180.0,0.3797,0.2,170.0,necrotic_like,terminal_twitching
699,UVC-6W-180,2025-03-26,12,0,uvc,254.0,NA,6000.0,2.109,180.0,0.3797,0.2,120.0,necrotic_like,terminal_twitching
700,UVC-6W-180,2025-03-26,12,0,uvc,254.0,NA,6000.0,2.109,180.0,0.3797,0.2,135.0,necrotic_like,terminal_twitching
701,UVC-6W-120,2025-08-05,1,0,uvc,254.0,NA,6000.0,2.109,120.0,0.2531,0.1,128.0,necrotic_like,NA
702,UVC-6W-120,2025-08-05,1,0,uvc,254.0,NA,6000.0,2.109,120.0,0.2531,0.1,162.0,necrotic_like,NA
703,UVC-6W-120,2025-08-05,1,0,uvc,254.0,NA,6000.0,2.109,120.0,0.2531,0.1,235.0,necrotic_like,NA
704,UVC-6W-120,2025-08-05,2,0,uvc,254.0,NA,6000.0,2.109,120.0,0.2531,0.1,150.0,necrotic_like,NA
705,UVC-6W-120,2025-08-05,2,0,uvc,254.0,NA,6000.0,2.109,120.0,0.2531,0.1,234.0,necrotic_like,NA
706,UVC-6W-120,2025-08-05,2,0,uvc,254.0,NA,6000.0,2.109,120.0,0.2531,0.1,225.0,necrotic_like,NA
707,UVC-6W-120,2025-08-05,3,0,uvc,254.0,NA,6000.0,2.109,120.0,0.2531,0.1,150.0,necrotic_like,NA
708,UVC-6W-120,2025-08-05,3,0,uvc,254.0,NA,6000.0,2.109,120.0,0.2531,0.1,185.0,necrotic_like,NA
709,UVC-6W-120,2025-08-05,3,0,uvc,254.0,NA,6000.0,2.109,120.0,0.2531,0.1,245.0,necrotic_like,NA
710,UVC-6W-120,2025-08-05,4,0,uvc,254.0,NA,6000.0,2.109,120.0,0.2531,0.1,140.0,necrotic_like,NA
711,UVC-6W-120,2025-08-05,4,0,uvc,254.0,NA,6000.0,2.109,120.0,0.2531,0.1,109.0,necrotic_like,NA
712,UVC-6W-120,2025-08-05,4,0,uvc,254.0,NA,6000.0,2.109,120.0,0.2531,0.1,37.0,necrotic_like,NA
713,UVC-6W-120,2025-08-05,5,0,uvc,254.0,NA,6000.0,2.109,120.0,0.2531,0.1,175.0,necrotic_like,NA
714,UVC-6W-120,2025-08-05,5,0,uvc,254.0,NA,6000.0,2.109,120.0,0.2531,0.1,115.0,necrotic_like,NA
715,UVC-6W-120,2025-08-05,5,0,uvc,254.0,NA,6000.0,2.109,120.0,0.2531,0.1,158.0,necrotic_like,NA
716,UVC-6W-120,2025-08-05,6,0,uvc,254.0,NA,6000.0,2.109,120.0,0.2531,0.1,144.0,necrotic_like,NA
717,UVC-6W-120,2025-08-05,6,0,uvc,254.0,NA,6000.0,2.109,120.0,0.2531,0.1,200.0,necrotic_like,NA
718,UVC-6W-120,2025-08-05,6,0,uvc,254.0,NA,6000.0,2.109,120.0,0.2531,0.1,180.0,necrotic_like,NA
719,UVC-6W-120,2025-08-05,7,0,uvc,254.0,NA,6000.0,2.109,120.0,0.2531,0.1,180.0,necrotic_like,NA
720,UVC-6W-120,2025-08-05,7,0,uvc,254.0,NA,6000.0,2.109,120.0,0.2531,0.1,112.0,necrotic_like,NA
721,UVC-6W-120,2025-08-05,7,0,uvc,254.0,NA,6000.0,2.109,120.0,0.2531,0.1,175.0,necrotic_like,NA
722,UVC-6W-120,2025-08-05,8,0,uvc,254.0,NA,6000.0,2.109,120.0,0.2531,0.1,200.0,necrotic_like,NA
723,UVC-6W-120,2025-08-05,8,0,uvc,254.0,NA,6000.0,2.109,120.0,0.2531,0.1,138.0,necrotic_like,NA
724,UVC-6W-120,2025-08-05,8,0,uvc,254.0,NA,6000.0,2.109,120.0,0.2531,0.1,114.0,necrotic_like,NA
725,UVC-6W-120,2025-08-05,9,0,uvc,254.0,NA,6000.0,2.109,120.0,0.2531,0.1,175.0,necrotic_like,NA
726,UVC-6W-120,2025-08-05,9,0,uvc,254.0,NA,6000.0,2.109,120.0,0.2531,0.1,155.0,necrotic_like,NA
727,UVC-6W-120,2025-08-05,9,0,uvc,254.0,NA,6000.0,2.109,120.0,0.2531,0.1,215.0,necrotic_like,NA
728,UVC-6W-120,2025-08-05,10,0,uvc,254.0,NA,6000.0,2.109,120.0,0.2531,0.1,135.0,necrotic_like,NA
729,UVC-6W-120,2025-08-05,10,0,uvc,254.0,NA,6000.0,2.109,120.0,0.2531,0.1,200.0,necrotic_like,NA
730,UVC-6W-120,2025-08-05,10,0,uvc,254.0,NA,6000.0,2.109,120.0,0.2531,0.1,203.0,necrotic_like,NA
731,UVC-6W-120,2025-08-05,11,0,uvc,254.0,NA,6000.0,2.109,120.0,0.2531,0.1,165.0,necrotic_like,NA
732,UVC-6W-120,2025-08-05,11,0,uvc,254.0,NA,6000.0,2.109,120.0,0.2531,0.1,203.0,necrotic_like,NA
733,UVC-6W-120,2025-08-05,11,0,uvc,254.0,NA,6000.0,2.109,120.0,0.2531,0.1,190.0,necrotic_like,NA
734,UVC-6W-120,2025-08-05,12,0,uvc,254.0,NA,6000.0,2.109,120.0,0.2531,0.1,56.0,necrotic_like,NA
735,UVC-6W-120,2025-08-05,12,0,uvc,254.0,NA,6000.0,2.109,120.0,0.2531,0.1,75.0,necrotic_like,NA
736,UVC-6W-120,2025-08-05,12,0,uvc,254.0,NA,6000.0,2.109,120.0,0.2531,0.1,185.0,necrotic_like,NA
737,UVC-6W-60,2025-03-12,1,0,uvc,254.0,NA,6000.0,2.109,60.0,0.1266,0.5,285.0,necrotic_like,NA
738,UVC-6W-60,2025-03-12,1,0,uvc,254.0,NA,6000.0,2.109,60.0,0.1266,0.5,235.0,necrotic_like,NA
739,UVC-6W-60,2025-03-12,1,0,uvc,254.0,NA,6000.0,2.109,60.0,0.1266,0.5,290.0,necrotic_like,NA
740,UVC-6W-60,2025-03-12,2,0,uvc,254.0,NA,6000.0,2.109,60.0,0.1266,0.5,175.0,necrotic_like,NA
741,UVC-6W-60,2025-03-12,2,0,uvc,254.0,NA,6000.0,2.109,60.0,0.1266,0.5,NA,NA,NA
742,UVC-6W-60,2025-03-12,2,0,uvc,254.0,NA,6000.0,2.109,60.0,0.1266,0.5,212.0,necrotic_like,exit_egg
743,UVC-6W-60,2025-03-12,3,0,uvc,254.0,NA,6000.0,2.109,60.0,0.1266,0.5,297.0,necrotic_like,NA
744,UVC-6W-60,2025-03-12,3,0,uvc,254.0,NA,6000.0,2.109,60.0,0.1266,0.5,117.0,necrotic_like,NA
745,UVC-6W-60,2025-03-12,3,0,uvc,254.0,NA,6000.0,2.109,60.0,0.1266,0.5,296.0,necrotic_like,NA
746,UVC-6W-60,2025-03-12,4,0,uvc,254.0,NA,6000.0,2.109,60.0,0.1266,0.5,268.0,necrotic_like,NA
747,UVC-6W-60,2025-03-12,4,0,uvc,254.0,NA,6000.0,2.109,60.0,0.1266,0.5,82.0,uncertain,death_after_hatch
748,UVC-6W-60,2025-03-12,4,0,uvc,254.0,NA,6000.0,2.109,60.0,0.1266,0.5,78.0,necrotic_like,NA
749,UVC-6W-60,2025-03-12,5,0,uvc,254.0,NA,6000.0,2.109,60.0,0.1266,0.5,256.0,necrotic_like,NA
750,UVC-6W-60,2025-03-12,5,0,uvc,254.0,NA,6000.0,2.109,60.0,0.1266,0.5,20.0,necrotic_like,NA
751,UVC-6W-60,2025-03-12,5,0,uvc,254.0,NA,6000.0,2.109,60.0,0.1266,0.5,250.0,necrotic_like,NA
752,UVC-6W-60,2025-03-12,6,0,uvc,254.0,NA,6000.0,2.109,60.0,0.1266,0.5,266.0,necrotic_like,NA
753,UVC-6W-60,2025-03-12,6,0,uvc,254.0,NA,6000.0,2.109,60.0,0.1266,0.5,310.0,necrotic_like,NA
754,UVC-6W-60,2025-03-12,6,0,uvc,254.0,NA,6000.0,2.109,60.0,0.1266,0.5,285.0,necrotic_like,NA
755,UVC-6W-60,2025-03-12,7,0,uvc,254.0,NA,6000.0,2.109,60.0,0.1266,0.5,294.0,necrotic_like,NA
756,UVC-6W-60,2025-03-12,7,0,uvc,254.0,NA,6000.0,2.109,60.0,0.1266,0.5,277.0,necrotic_like,NA
757,UVC-6W-60,2025-03-12,7,0,uvc,254.0,NA,6000.0,2.109,60.0,0.1266,0.5,315.0,necrotic_like,NA
758,UVC-6W-60,2025-03-12,8,0,uvc,254.0,NA,6000.0,2.109,60.0,0.1266,0.5,283.0,necrotic_like,NA
759,UVC-6W-60,2025-03-12,8,0,uvc,254.0,NA,6000.0,2.109,60.0,0.1266,0.5,330.0,necrotic_like,NA
760,UVC-6W-60,2025-03-12,8,0,uvc,254.0,NA,6000.0,2.109,60.0,0.1266,0.5,242.0,necrotic_like,NA
761,UVC-6W-60,2025-03-12,9,0,uvc,254.0,NA,6000.0,2.109,60.0,0.1266,0.5,250.0,necrotic_like,NA
762,UVC-6W-60,2025-03-12,9,0,uvc,254.0,NA,6000.0,2.109,60.0,0.1266,0.5,290.0,necrotic_like,NA
763,UVC-6W-60,2025-03-12,9,0,uvc,254.0,NA,6000.0,2.109,60.0,0.1266,0.5,300.0,necrotic_like,NA
764,UVC-6W-60,2025-03-12,10,0,uvc,254.0,NA,6000.0,2.109,60.0,0.1266,0.5,225.0,necrotic_like,NA
765,UVC-6W-60,2025-03-12,10,0,uvc,254.0,NA,6000.0,2.109,60.0,0.1266,0.5,290.0,necrotic_like,NA
766,UVC-6W-60,2025-03-12,10,0,uvc,254.0,NA,6000.0,2.109,60.0,0.1266,0.5,NA,NA,NA
767,UVC-6W-60,2025-03-12,11,0,uvc,254.0,NA,6000.0,2.109,60.0,0.1266,0.5,236.0,necrotic_like,NA
768,UVC-6W-60,2025-03-12,11,0,uvc,254.0,NA,6000.0,2.109,60.0,0.1266,0.5,315.0,necrotic_like,NA
769,UVC-6W-60,2025-03-12,11,0,uvc,254.0,NA,6000.0,2.109,60.0,0.1266,0.5,319.0,necrotic_like,NA
770,UVC-6W-60,2025-03-12,12,0,uvc,254.0,NA,6000.0,2.109,60.0,0.1266,0.5,269.0,necrotic_like,NA
771,UVC-6W-60,2025-03-12,12,0,uvc,254.0,NA,6000.0,2.109,60.0,0.1266,0.5,260.0,necrotic_like,NA
772,UVC-6W-60,2025-03-12,12,0,uvc,254.0,NA,6000.0,2.109,60.0,0.1266,0.5,240.0,necrotic_like,NA
773,UVC-6W-30,2025-03-12,1,0,uvc,254.0,NA,6000.0,2.109,30.0,0.0633,0.5,290.0,necrotic_like,NA
774,UVC-6W-30,2025-03-13,1,0,uvc,254.0,NA,6000.0,2.109,30.0,0.0633,0.5,287.0,necrotic_like,NA
775,UVC-6W-30,2025-03-14,1,0,uvc,254.0,NA,6000.0,2.109,30.0,0.0633,0.5,290.0,necrotic_like,NA
776,UVC-6W-30,2025-03-12,2,0,uvc,254.0,NA,6000.0,2.109,30.0,0.0633,0.5,330.0,necrotic_like,exit_egg
777,UVC-6W-30,2025-03-13,2,0,uvc,254.0,NA,6000.0,2.109,30.0,0.0633,0.5,109.0,necrotic_like,NA
778,UVC-6W-30,2025-03-14,2,0,uvc,254.0,NA,6000.0,2.109,30.0,0.0633,0.5,178.0,necrotic_like,NA
779,UVC-6W-30,2025-03-12,3,0,uvc,254.0,NA,6000.0,2.109,30.0,0.0633,0.5,330.0,necrotic_like,NA
780,UVC-6W-30,2025-03-13,3,0,uvc,254.0,NA,6000.0,2.109,30.0,0.0633,0.5,440.0,necrotic_like,NA
781,UVC-6W-30,2025-03-14,3,0,uvc,254.0,NA,6000.0,2.109,30.0,0.0633,0.5,477.0,necrotic_like,NA
782,UVC-6W-30,2025-03-12,4,0,uvc,254.0,NA,6000.0,2.109,30.0,0.0633,0.5,300.0,necrotic_like,NA
783,UVC-6W-30,2025-03-13,4,0,uvc,254.0,NA,6000.0,2.109,30.0,0.0633,0.5,266.0,necrotic_like,exit_egg
784,UVC-6W-30,2025-03-14,4,0,uvc,254.0,NA,6000.0,2.109,30.0,0.0633,0.5,392.0,necrotic_like,NA
785,UVC-6W-30,2025-03-14,4,0,uvc,254.0,NA,6000.0,2.109,30.0,0.0633,0.5,364.0,necrotic_like,NA
786,UVC-6W-30,2025-03-12,5,0,uvc,254.0,NA,6000.0,2.109,30.0,0.0633,0.5,409.0,necrotic_like,NA
787,UVC-6W-30,2025-03-13,5,0,uvc,254.0,NA,6000.0,2.109,30.0,0.0633,0.5,252.0,necrotic_like,NA
788,UVC-6W-30,2025-03-14,5,0,uvc,254.0,NA,6000.0,2.109,30.0,0.0633,0.5,314.0,necrotic_like,NA
789,UVC-6W-30,2025-03-14,5,0,uvc,254.0,NA,6000.0,2.109,30.0,0.0633,0.5,318.0,necrotic_like,NA
790,UVC-6W-30,2025-03-14,5,0,uvc,254.0,NA,6000.0,2.109,30.0,0.0633,0.5,411.0,necrotic_like,NA
791,UVC-6W-30,2025-03-14,6,0,uvc,254.0,NA,6000.0,2.109,30.0,0.0633,0.5,375.0,necrotic_like,NA
792,UVC-6W-30,2025-03-14,6,0,uvc,254.0,NA,6000.0,2.109,30.0,0.0633,0.5,166.0,necrotic_like,NA
793,UVC-6W-30,2025-03-14,6,0,uvc,254.0,NA,6000.0,2.109,30.0,0.0633,0.5,220.0,necrotic_like,NA
794,UVC-6W-30,2025-03-14,7,0,uvc,254.0,NA,6000.0,2.109,30.0,0.0633,0.5,106.0,necrotic_like,NA
795,UVC-6W-30,2025-03-14,7,0,uvc,254.0,NA,6000.0,2.109,30.0,0.0633,0.5,232.0,necrotic_like,NA
796,UVC-6W-30,2025-03-14,7,0,uvc,254.0,NA,6000.0,2.109,30.0,0.0633,0.5,414.0,necrotic_like,NA
797,UVC-6W-30,2025-03-14,8,0,uvc,254.0,NA,6000.0,2.109,30.0,0.0633,0.5,217.0,necrotic_like,NA
798,UVC-6W-30,2025-03-14,8,0,uvc,254.0,NA,6000.0,2.109,30.0,0.0633,0.5,242.0,necrotic_like,NA
799,UVC-6W-30,2025-03-14,8,0,uvc,254.0,NA,6000.0,2.109,30.0,0.0633,0.5,284.0,necrotic_like,NA
800,UVC-6W-30,2025-03-14,9,0,uvc,254.0,NA,6000.0,2.109,30.0,0.0633,0.5,283.0,necrotic_like,NA
801,UVC-6W-30,2025-03-14,9,0,uvc,254.0,NA,6000.0,2.109,30.0,0.0633,0.5,363.0,necrotic_like,NA
802,UVC-6W-30,2025-03-14,9,0,uvc,254.0,NA,6000.0,2.109,30.0,0.0633,0.5,130.0,necrotic_like,NA
803,UVC-6W-30,2025-03-14,10,0,uvc,254.0,NA,6000.0,2.109,30.0,0.0633,0.5,277.0,necrotic_like,NA
804,UVC-6W-30,2025-03-14,10,0,uvc,254.0,NA,6000.0,2.109,30.0,0.0633,0.5,222.0,necrotic_like,NA
805,UVC-6W-30,2025-03-14,10,0,uvc,254.0,NA,6000.0,2.109,30.0,0.0633,0.5,130.0,necrotic_like,NA
806,UVC-6W-30,2025-03-14,11,0,uvc,254.0,NA,6000.0,2.109,30.0,0.0633,0.5,290.0,necrotic_like,NA
807,UVC-6W-30,2025-03-14,11,0,uvc,254.0,NA,6000.0,2.109,30.0,0.0633,0.5,270.0,necrotic_like,NA
808,UVC-6W-30,2025-03-14,11,0,uvc,254.0,NA,6000.0,2.109,30.0,0.0633,0.5,274.0,necrotic_like,NA
809,UVC-6W-30,2025-03-14,12,0,uvc,254.0,NA,6000.0,2.109,30.0,0.0633,0.5,182.0,uncertain,death_after_hatch
810,UVC-6W-30,2025-03-14,12,0,uvc,254.0,NA,6000.0,2.109,30.0,0.0633,0.5,181.0,necrotic_like,NA
811,UVC-6W-30,2025-03-14,12,0,uvc,254.0,NA,6000.0,2.109,30.0,0.0633,0.5,183.0,uncertain,death_after_hatch
